# For each exercise name the table had before DESIGN_exercise_table.md, the key
# or keys of the classes its line became (§9). Read by
# scripts/migrate_exercise_names.py. Several keys: the line was split, and the
# script never picks one of them itself.
# old name	keys
leg extension	BANDED_EXERCISES/LEG_EXTENSION SQUAT/LEG_EXTENSION
alternating dumbbell chest press	BENCH_PRESS/ALTERNATING_DUMBBELL_CHEST_PRESS
alternating dumbbell chest press on swiss ball	BENCH_PRESS/ALTERNATING_DUMBBELL_CHEST_PRESS_ON_SWISS_BALL
barbell bench press	BENCH_PRESS/BARBELL_BENCH_PRESS
barbell board bench press	BENCH_PRESS/BARBELL_BOARD_BENCH_PRESS
barbell floor press	BENCH_PRESS/BARBELL_FLOOR_PRESS
bench press	BENCH_PRESS/BENCH_PRESS
close grip barbell bench press	BENCH_PRESS/CLOSE_GRIP_BARBELL_BENCH_PRESS
decline barbell bench press	BENCH_PRESS/DECLINE_BARBELL_BENCH_PRESS
decline dumbbell bench press	BENCH_PRESS/DECLINE_DUMBBELL_BENCH_PRESS
dumbbell bench press	BENCH_PRESS/DUMBBELL_BENCH_PRESS
dumbbell floor press	BENCH_PRESS/DUMBBELL_FLOOR_PRESS
incline barbell bench press	BENCH_PRESS/INCLINE_BARBELL_BENCH_PRESS
incline dumbbell bench press	BENCH_PRESS/INCLINE_DUMBBELL_BENCH_PRESS
incline smith machine bench press	BENCH_PRESS/INCLINE_SMITH_MACHINE_BENCH_PRESS
isometric barbell bench press	BENCH_PRESS/ISOMETRIC_BARBELL_BENCH_PRESS
kettlebell chest press	BENCH_PRESS/KETTLEBELL_CHEST_PRESS
neutral grip dumbbell bench press	BENCH_PRESS/NEUTRAL_GRIP_DUMBBELL_BENCH_PRESS
neutral grip dumbbell incline bench press	BENCH_PRESS/NEUTRAL_GRIP_DUMBBELL_INCLINE_BENCH_PRESS
one arm floor press	BENCH_PRESS/ONE_ARM_FLOOR_PRESS
partial lockout	BENCH_PRESS/PARTIAL_LOCKOUT
reverse grip barbell bench press	BENCH_PRESS/REVERSE_GRIP_BARBELL_BENCH_PRESS
reverse grip incline bench press	BENCH_PRESS/REVERSE_GRIP_INCLINE_BENCH_PRESS
single arm cable chest press	BENCH_PRESS/SINGLE_ARM_CABLE_CHEST_PRESS
single arm dumbbell bench press	BENCH_PRESS/SINGLE_ARM_DUMBBELL_BENCH_PRESS
smith machine bench press	BENCH_PRESS/SMITH_MACHINE_BENCH_PRESS
swiss ball dumbbell chest press	BENCH_PRESS/SWISS_BALL_DUMBBELL_CHEST_PRESS
triple stop barbell bench press	BENCH_PRESS/TRIPLE_STOP_BARBELL_BENCH_PRESS
wide grip barbell bench press	BENCH_PRESS/WIDE_GRIP_BARBELL_BENCH_PRESS
air squat	SQUAT/AIR_SQUAT
alternating box dumbbell step ups	SQUAT/ALTERNATING_BOX_DUMBBELL_STEP_UPS
back squat with body bar	SQUAT/BACK_SQUAT_WITH_BODY_BAR
back squats	SQUAT/BACK_SQUATS
balancing squat	SQUAT/BALANCING_SQUAT
barbell back squat	SQUAT/BARBELL_BACK_SQUAT
barbell box squat	SQUAT/BARBELL_BOX_SQUAT
barbell front squat	SQUAT/BARBELL_FRONT_SQUAT
barbell hack squat	SQUAT/BARBELL_HACK_SQUAT
barbell half squat	SQUAT/BARBELL_HALF_SQUAT
barbell hang squat snatch	SQUAT/BARBELL_HANG_SQUAT_SNATCH
barbell lateral step up	SQUAT/BARBELL_LATERAL_STEP_UP
barbell quarter squat	SQUAT/BARBELL_QUARTER_SQUAT
barbell siff squat	SQUAT/BARBELL_SIFF_SQUAT
barbell squat snatch	SQUAT/BARBELL_SQUAT_SNATCH
barbell squat with heels raised	SQUAT/BARBELL_SQUAT_WITH_HEELS_RAISED
barbell step up	SQUAT/BARBELL_STEP_UP
barbell stepover	SQUAT/BARBELL_STEPOVER
belt squat	SQUAT/BELT_SQUAT
bench squat with rotational chop	SQUAT/BENCH_SQUAT_WITH_ROTATIONAL_CHOP
body weight wall squat	SQUAT/BODY_WEIGHT_WALL_SQUAT
box step squat	SQUAT/BOX_STEP_SQUAT
braced squat	SQUAT/BRACED_SQUAT
crossed arm barbell front squat	SQUAT/CROSSED_ARM_BARBELL_FRONT_SQUAT
crossover dumbbell step up	SQUAT/CROSSOVER_DUMBBELL_STEP_UP
dumbbell front squat	SQUAT/DUMBBELL_FRONT_SQUAT
dumbbell overhead squat single arm	SQUAT/DUMBBELL_OVERHEAD_SQUAT_SINGLE_ARM
dumbbell split squat	SQUAT/DUMBBELL_SPLIT_SQUAT
dumbbell squat	SQUAT/DUMBBELL_SQUAT
dumbbell squat clean	SQUAT/DUMBBELL_SQUAT_CLEAN
dumbbell squat snatch	SQUAT/DUMBBELL_SQUAT_SNATCH
dumbbell step up	SQUAT/DUMBBELL_STEP_UP
dumbbell stepover	SQUAT/DUMBBELL_STEPOVER
dumbbell thrusters	SQUAT/DUMBBELL_THRUSTERS
elevated single leg squat	SQUAT/ELEVATED_SINGLE_LEG_SQUAT
figure four squats	SQUAT/FIGURE_FOUR_SQUATS
goblet squat	SQUAT/GOBLET_SQUAT
kettlebell squat	SQUAT/KETTLEBELL_SQUAT
kettlebell swing overhead	SQUAT/KETTLEBELL_SWING_OVERHEAD
kettlebell swing with flip to squat	SQUAT/KETTLEBELL_SWING_WITH_FLIP_TO_SQUAT
lateral dumbbell step up	SQUAT/LATERAL_DUMBBELL_STEP_UP
leg press	SQUAT/LEG_PRESS
medicine ball squat	SQUAT/MEDICINE_BALL_SQUAT
one legged squat	SQUAT/ONE_LEGGED_SQUAT
overhead barbell squat	SQUAT/OVERHEAD_BARBELL_SQUAT
overhead dumbbell squat	SQUAT/OVERHEAD_DUMBBELL_SQUAT
overhead squat	SQUAT/OVERHEAD_SQUAT
partial single leg squat	SQUAT/PARTIAL_SINGLE_LEG_SQUAT
pistol squat	SQUAT/PISTOL_SQUAT
plie slides	SQUAT/PLIE_SLIDES
plie squat	SQUAT/PLIE_SQUAT
prisoner squat	SQUAT/PRISONER_SQUAT
safety bar squat	SQUAT/SAFETY_BAR_SQUAT
ruck back squat	SQUAT/RUCK_BACK_SQUAT
ruck overhead squat	SQUAT/RUCK_OVERHEAD_SQUAT
ruck front squat	SQUAT/RUCK_FRONT_SQUAT
single leg bench get up	SQUAT/SINGLE_LEG_BENCH_GET_UP
single leg bench squat	SQUAT/SINGLE_LEG_BENCH_SQUAT
single leg squat on swiss ball	SQUAT/SINGLE_LEG_SQUAT_ON_SWISS_BALL
squat	SQUAT/SQUAT BANDED_EXERCISES/SQUAT SUSPENSION/SQUAT
squat american swing	SQUAT/SQUAT_AMERICAN_SWING
squat and side kick	SQUAT/SQUAT_AND_SIDE_KICK
squat jumps in n out	SQUAT/SQUAT_JUMPS_IN_N_OUT
squats with band	SQUAT/SQUATS_WITH_BAND
staggered squat	SQUAT/STAGGERED_SQUAT
step up	SQUAT/STEP_UP
suitcase squats	SQUAT/SUITCASE_SQUATS
sumo squat	SQUAT/SUMO_SQUAT
sumo squat slide in	SQUAT/SUMO_SQUAT_SLIDE_IN
sumo squat to high pull	SQUAT/SUMO_SQUAT_TO_HIGH_PULL
sumo squat to stand	SQUAT/SUMO_SQUAT_TO_STAND
sumo squat with rotation	SQUAT/SUMO_SQUAT_WITH_ROTATION
swiss ball body weight wall squat	SQUAT/SWISS_BALL_BODY_WEIGHT_WALL_SQUAT
thrusters	SQUAT/THRUSTERS
uneven squat	SQUAT/UNEVEN_SQUAT
waist slimming squat	SQUAT/WAIST_SLIMMING_SQUAT
wall ball	SQUAT/WALL_BALL
wall ball squat and press	SQUAT/WALL_BALL_SQUAT_AND_PRESS
weighted swiss ball wall squat	SQUAT/WEIGHTED_SWISS_BALL_WALL_SQUAT
weighted wall squat	SQUAT/WEIGHTED_WALL_SQUAT
wide stance barbell squat	SQUAT/WIDE_STANCE_BARBELL_SQUAT
wide stance goblet squat	SQUAT/WIDE_STANCE_GOBLET_SQUAT
zercher squat	SQUAT/ZERCHER_SQUAT SANDBAG/ZERCHER_SQUAT
kbs overhead	SQUAT/KBS_OVERHEAD
pilates plie squats parallel turned out flat and heels	SQUAT/PILATES_PLIE_SQUATS_PARALLEL_TURNED_OUT_FLAT_AND_HEELS
releve straight leg and knee bent with one leg variation	SQUAT/RELEVE_STRAIGHT_LEG_AND_KNEE_BENT_WITH_ONE_LEG_VARIATION
barbell deadlift	DEADLIFT/BARBELL_DEADLIFT
barbell straight leg deadlift	DEADLIFT/BARBELL_STRAIGHT_LEG_DEADLIFT
deadlift	DEADLIFT/DEADLIFT BANDED_EXERCISES/DEADLIFT
romanian deadlift	DEADLIFT/ROMANIAN_DEADLIFT
dumbbell deadlift	DEADLIFT/DUMBBELL_DEADLIFT
dumbbell single leg deadlift to row	DEADLIFT/DUMBBELL_SINGLE_LEG_DEADLIFT_TO_ROW
dumbbell straight leg deadlift	DEADLIFT/DUMBBELL_STRAIGHT_LEG_DEADLIFT
kettlebell deadlift	DEADLIFT/KETTLEBELL_DEADLIFT
kettlebell floor to shelf	DEADLIFT/KETTLEBELL_FLOOR_TO_SHELF
kettlebell sumo deadlift	DEADLIFT/KETTLEBELL_SUMO_DEADLIFT
one arm one leg deadlift	DEADLIFT/ONE_ARM_ONE_LEG_DEADLIFT
rack pull	DEADLIFT/RACK_PULL
rotational dumbbell straight leg deadlift	DEADLIFT/ROTATIONAL_DUMBBELL_STRAIGHT_LEG_DEADLIFT
ruck deadlift	DEADLIFT/RUCK_DEADLIFT
single arm deadlift	DEADLIFT/SINGLE_ARM_DEADLIFT
single leg barbell deadlift	DEADLIFT/SINGLE_LEG_BARBELL_DEADLIFT
single leg barbell straight leg deadlift	DEADLIFT/SINGLE_LEG_BARBELL_STRAIGHT_LEG_DEADLIFT
single leg deadlift with barbell	DEADLIFT/SINGLE_LEG_DEADLIFT_WITH_BARBELL
single leg rdl circuit	DEADLIFT/SINGLE_LEG_RDL_CIRCUIT
single leg romanian deadlift circuit	DEADLIFT/SINGLE_LEG_ROMANIAN_DEADLIFT_CIRCUIT
single leg romanian deadlift with dumbbell	DEADLIFT/SINGLE_LEG_ROMANIAN_DEADLIFT_WITH_DUMBBELL
sumo deadlift	DEADLIFT/SUMO_DEADLIFT
sumo deadlift high pull	DEADLIFT/SUMO_DEADLIFT_HIGH_PULL
trap bar deadlift	DEADLIFT/TRAP_BAR_DEADLIFT
wide grip barbell deadlift	DEADLIFT/WIDE_GRIP_BARBELL_DEADLIFT
straight leg deadlift	DEADLIFT/STRAIGHT_LEG_DEADLIFT
alternating barbell forward lunge	LUNGE/ALTERNATING_BARBELL_FORWARD_LUNGE
alternating dumbbell lunge	LUNGE/ALTERNATING_DUMBBELL_LUNGE
alternating dumbbell lunge with reach	LUNGE/ALTERNATING_DUMBBELL_LUNGE_WITH_REACH
back foot elevated dumbbell split squat	LUNGE/BACK_FOOT_ELEVATED_DUMBBELL_SPLIT_SQUAT
barbell box lunge	LUNGE/BARBELL_BOX_LUNGE
barbell bulgarian split squat	LUNGE/BARBELL_BULGARIAN_SPLIT_SQUAT
barbell crossover lunge	LUNGE/BARBELL_CROSSOVER_LUNGE
barbell front split squat	LUNGE/BARBELL_FRONT_SPLIT_SQUAT
barbell lunge	LUNGE/BARBELL_LUNGE
barbell reverse lunge	LUNGE/BARBELL_REVERSE_LUNGE
barbell side lunge	LUNGE/BARBELL_SIDE_LUNGE
barbell split squat	LUNGE/BARBELL_SPLIT_SQUAT
core control rear lunge	LUNGE/CORE_CONTROL_REAR_LUNGE
curtsy lunge	LUNGE/CURTSY_LUNGE
diagonal lunge	LUNGE/DIAGONAL_LUNGE
drop lunge	LUNGE/DROP_LUNGE
dumbbell box lunge	LUNGE/DUMBBELL_BOX_LUNGE
dumbbell bulgarian split squat	LUNGE/DUMBBELL_BULGARIAN_SPLIT_SQUAT
dumbbell crossover lunge	LUNGE/DUMBBELL_CROSSOVER_LUNGE
dumbbell diagonal lunge	LUNGE/DUMBBELL_DIAGONAL_LUNGE
dumbbell lunge	LUNGE/DUMBBELL_LUNGE
dumbbell lunge and rotation	LUNGE/DUMBBELL_LUNGE_AND_ROTATION
dumbbell overhead bulgarian split squat	LUNGE/DUMBBELL_OVERHEAD_BULGARIAN_SPLIT_SQUAT
dumbbell overhead walking lunge	LUNGE/DUMBBELL_OVERHEAD_WALKING_LUNGE
dumbbell reverse lunge	LUNGE/DUMBBELL_REVERSE_LUNGE
dumbbell reverse lunge to high knee and press	LUNGE/DUMBBELL_REVERSE_LUNGE_TO_HIGH_KNEE_AND_PRESS
dumbbell side lunge	LUNGE/DUMBBELL_SIDE_LUNGE
elevated front foot barbell split squat	LUNGE/ELEVATED_FRONT_FOOT_BARBELL_SPLIT_SQUAT
front foot elevated dumbbell split squat	LUNGE/FRONT_FOOT_ELEVATED_DUMBBELL_SPLIT_SQUAT
gunslinger lunge	LUNGE/GUNSLINGER_LUNGE
lawnmower lunge	LUNGE/LAWNMOWER_LUNGE
low lunge with isometric adduction	LUNGE/LOW_LUNGE_WITH_ISOMETRIC_ADDUCTION
low side to side lunge	LUNGE/LOW_SIDE_TO_SIDE_LUNGE
lunge	LUNGE/LUNGE BANDED_EXERCISES/LUNGE SANDBAG/LUNGE SUSPENSION/LUNGE
lunge matrix	LUNGE/LUNGE_MATRIX
lunge with arm reach	LUNGE/LUNGE_WITH_ARM_REACH
lunge with diagonal reach	LUNGE/LUNGE_WITH_DIAGONAL_REACH
lunge with side bend	LUNGE/LUNGE_WITH_SIDE_BEND
offset dumbbell lunge	LUNGE/OFFSET_DUMBBELL_LUNGE
offset dumbbell reverse lunge	LUNGE/OFFSET_DUMBBELL_REVERSE_LUNGE
overhead bulgarian split squat	LUNGE/OVERHEAD_BULGARIAN_SPLIT_SQUAT
overhead dumbbell lunge	LUNGE/OVERHEAD_DUMBBELL_LUNGE
overhead dumbbell reverse lunge	LUNGE/OVERHEAD_DUMBBELL_REVERSE_LUNGE
overhead dumbbell split squat	LUNGE/OVERHEAD_DUMBBELL_SPLIT_SQUAT
overhead lunge	LUNGE/OVERHEAD_LUNGE
overhead lunge with rotation	LUNGE/OVERHEAD_LUNGE_WITH_ROTATION
reverse barbell box lunge	LUNGE/REVERSE_BARBELL_BOX_LUNGE
reverse box lunge	LUNGE/REVERSE_BOX_LUNGE
reverse dumbbell box lunge	LUNGE/REVERSE_DUMBBELL_BOX_LUNGE
reverse dumbbell crossover lunge	LUNGE/REVERSE_DUMBBELL_CROSSOVER_LUNGE
reverse dumbbell diagonal lunge	LUNGE/REVERSE_DUMBBELL_DIAGONAL_LUNGE
reverse lunge with reach back	LUNGE/REVERSE_LUNGE_WITH_REACH_BACK
reverse lunge with twist and overhead reach	LUNGE/REVERSE_LUNGE_WITH_TWIST_AND_OVERHEAD_REACH
reverse sliding box lunge	LUNGE/REVERSE_SLIDING_BOX_LUNGE
reverse sliding lunge	LUNGE/REVERSE_SLIDING_LUNGE
ruck overhead lunge	LUNGE/RUCK_OVERHEAD_LUNGE
ruck back lunge	LUNGE/RUCK_BACK_LUNGE
runners lunge to balance	LUNGE/RUNNERS_LUNGE_TO_BALANCE
scissor power switch	LUNGE/SCISSOR_POWER_SWITCH
shifting side lunge	LUNGE/SHIFTING_SIDE_LUNGE
side and crossover lunge	LUNGE/SIDE_AND_CROSSOVER_LUNGE
side lunge	LUNGE/SIDE_LUNGE SANDBAG/SIDE_LUNGE SUSPENSION/SIDE_LUNGE
side lunge and press	LUNGE/SIDE_LUNGE_AND_PRESS
side lunge jump off	LUNGE/SIDE_LUNGE_JUMP_OFF
side lunge sweep	LUNGE/SIDE_LUNGE_SWEEP
side lunge to crossover tap	LUNGE/SIDE_LUNGE_TO_CROSSOVER_TAP
side to side lunge chops	LUNGE/SIDE_TO_SIDE_LUNGE_CHOPS
siff jump lunge	LUNGE/SIFF_JUMP_LUNGE
single arm reverse lunge and press	LUNGE/SINGLE_ARM_REVERSE_LUNGE_AND_PRESS
sliding lateral lunge	LUNGE/SLIDING_LATERAL_LUNGE
walking barbell lunge	LUNGE/WALKING_BARBELL_LUNGE
walking dumbbell lunge	LUNGE/WALKING_DUMBBELL_LUNGE
walking lunge	LUNGE/WALKING_LUNGE
weighted curtsy lunge	LUNGE/CURTSY_LUNGE
weighted shifting side lunge	LUNGE/SHIFTING_SIDE_LUNGE
weighted side lunge and press	LUNGE/SIDE_LUNGE_AND_PRESS
weighted side lunge jump off	LUNGE/SIDE_LUNGE_JUMP_OFF
wide grip overhead barbell split squat	LUNGE/WIDE_GRIP_OVERHEAD_BARBELL_SPLIT_SQUAT
alternating dumbbell row	ROW/ALTERNATING_DUMBBELL_ROW
banded face pulls	ROW/BANDED_FACE_PULLS
barbell bench pull	ROW/BARBELL_BENCH_PULL
barbell row	ROW/BARBELL_ROW
barbell straight leg deadlift to row	ROW/BARBELL_STRAIGHT_LEG_DEADLIFT_TO_ROW
bent over row with barbell	ROW/BENT_OVER_ROW_WITH_BARBELL
bent over row with dumbell	ROW/BENT_OVER_ROW_WITH_DUMBELL
cable row standing	ROW/CABLE_ROW_STANDING
chest supported dumbbell row	ROW/CHEST_SUPPORTED_DUMBBELL_ROW
decline ring row	ROW/DECLINE_RING_ROW
dumbbell row	ROW/DUMBBELL_ROW
elevated feet inverted row	ROW/ELEVATED_FEET_INVERTED_ROW
elevated ring row	ROW/ELEVATED_RING_ROW
face pull	ROW/FACE_PULL BANDED_EXERCISES/FACE_PULL SUSPENSION/FACE_PULL
face pull with external rotation	ROW/FACE_PULL_WITH_EXTERNAL_ROTATION
indoor row	ROW/INDOOR_ROW INDOOR_ROW
inverted row	ROW/INVERTED_ROW SUSPENSION/INVERTED_ROW
inverted row with feet on swiss ball	ROW/INVERTED_ROW_WITH_FEET_ON_SWISS_BALL
kettlebell row	ROW/KETTLEBELL_ROW
modified inverted row	ROW/MODIFIED_INVERTED_ROW
neutral grip alternating dumbbell row	ROW/NEUTRAL_GRIP_ALTERNATING_DUMBBELL_ROW
one arm bent over row	ROW/ONE_ARM_BENT_OVER_ROW
one legged dumbbell row	ROW/ONE_LEGGED_DUMBBELL_ROW
renegade row	ROW/RENEGADE_ROW
reverse grip barbell row	ROW/REVERSE_GRIP_BARBELL_ROW
ring row	ROW/RING_ROW
rope handle cable row	ROW/ROPE_HANDLE_CABLE_ROW
row	ROW/ROW BANDED_EXERCISES/ROW SANDBAG/ROW SLED/ROW SUSPENSION/ROW
ruck bentover row	ROW/RUCK_BENTOVER_ROW
seated cable row	ROW/SEATED_CABLE_ROW
seated dumbbell row	ROW/SEATED_DUMBBELL_ROW
seated underhand grip cable row	ROW/SEATED_UNDERHAND_GRIP_CABLE_ROW
single arm cable row	ROW/SINGLE_ARM_CABLE_ROW
single arm cable row and rotation	ROW/SINGLE_ARM_CABLE_ROW_AND_ROTATION
single arm inverted row	ROW/SINGLE_ARM_INVERTED_ROW
single arm neutral grip dumbbell row	ROW/SINGLE_ARM_NEUTRAL_GRIP_DUMBBELL_ROW
single arm neutral grip dumbbell row and rotation	ROW/SINGLE_ARM_NEUTRAL_GRIP_DUMBBELL_ROW_AND_ROTATION
suspended inverted row	ROW/SUSPENDED_INVERTED_ROW
t bar row	ROW/T_BAR_ROW
towel grip inverted row	ROW/TOWEL_GRIP_INVERTED_ROW
trx inverted row	ROW/TRX_INVERTED_ROW
underhand grip cable row	ROW/UNDERHAND_GRIP_CABLE_ROW
v grip cable row	ROW/V_GRIP_CABLE_ROW
weighted row	ROW/ROW
wide grip seated cable row	ROW/WIDE_GRIP_SEATED_CABLE_ROW
rdl bent over row with barbell dumbbell	ROW/RDL_BENT_OVER_ROW_WITH_BARBELL_DUMBBELL
dumbbell row wheelchair	ROW/DUMBBELL_ROW_WHEELCHAIR
30 degree lat pulldown	PULL_UP/_30_DEGREE_LAT_PULLDOWN
band assisted chin up	PULL_UP/BAND_ASSISTED_CHIN_UP
band assisted pull up	PULL_UP/BAND_ASSISTED_PULL_UP
banded pull ups	PULL_UP/BANDED_PULL_UPS
burpee pull up	PULL_UP/BURPEE_PULL_UP
chin up	PULL_UP/CHIN_UP
close grip chin up	PULL_UP/CLOSE_GRIP_CHIN_UP
close grip lat pulldown	PULL_UP/CLOSE_GRIP_LAT_PULLDOWN
crossover chin up	PULL_UP/CROSSOVER_CHIN_UP
ez bar pullover	PULL_UP/EZ_BAR_PULLOVER
hanging hurdle	PULL_UP/HANGING_HURDLE
jumping pull ups	PULL_UP/JUMPING_PULL_UPS
kipping pull up	PULL_UP/KIPPING_PULL_UP
kneeling lat pulldown	PULL_UP/KNEELING_LAT_PULLDOWN
kneeling underhand grip lat pulldown	PULL_UP/KNEELING_UNDERHAND_GRIP_LAT_PULLDOWN
l pull up	PULL_UP/L_PULL_UP
lat pulldown	PULL_UP/LAT_PULLDOWN
mixed grip chin up	PULL_UP/MIXED_GRIP_CHIN_UP
mixed grip pull up	PULL_UP/MIXED_GRIP_PULL_UP
neutral grip chin up	PULL_UP/NEUTRAL_GRIP_CHIN_UP
neutral grip pull up	PULL_UP/NEUTRAL_GRIP_PULL_UP
pull up	PULL_UP/PULL_UP SUSPENSION/PULL_UP
reverse grip pulldown	PULL_UP/REVERSE_GRIP_PULLDOWN
standing cable pullover	PULL_UP/STANDING_CABLE_PULLOVER
straight arm pulldown	PULL_UP/STRAIGHT_ARM_PULLDOWN
suspended chin up	PULL_UP/SUSPENDED_CHIN_UP
swiss ball ez bar pullover	PULL_UP/SWISS_BALL_EZ_BAR_PULLOVER
towel pull up	PULL_UP/TOWEL_PULL_UP
wide grip pull up	PULL_UP/WIDE_GRIP_PULL_UP
wide grip lat pulldown	PULL_UP/WIDE_GRIP_LAT_PULLDOWN
alternating hands medicine ball push up	PUSH_UP/ALTERNATING_HANDS_MEDICINE_BALL_PUSH_UP
alternating staggered push up	PUSH_UP/ALTERNATING_STAGGERED_PUSH_UP
biceps push up	PUSH_UP/BICEPS_PUSH_UP
bosu ball push up	PUSH_UP/BOSU_BALL_PUSH_UP
chest press with band	PUSH_UP/CHEST_PRESS_WITH_BAND
clapping push up	PUSH_UP/CLAPPING_PUSH_UP
close grip medicine ball push up	PUSH_UP/CLOSE_GRIP_MEDICINE_BALL_PUSH_UP
close hands push up	PUSH_UP/CLOSE_HANDS_PUSH_UP
decline push up	PUSH_UP/DECLINE_PUSH_UP
diamond push up	PUSH_UP/DIAMOND_PUSH_UP
dynamic push up	PUSH_UP/DYNAMIC_PUSH_UP
explosive crossover push up	PUSH_UP/EXPLOSIVE_CROSSOVER_PUSH_UP
explosive push up	PUSH_UP/EXPLOSIVE_PUSH_UP
feet elevated side to side push up	PUSH_UP/FEET_ELEVATED_SIDE_TO_SIDE_PUSH_UP
hand release push up	PUSH_UP/HAND_RELEASE_PUSH_UP
handstand push up	PUSH_UP/HANDSTAND_PUSH_UP
hindu push up	PUSH_UP/HINDU_PUSH_UP
incline push up	PUSH_UP/INCLINE_PUSH_UP
isometric explosive push up	PUSH_UP/ISOMETRIC_EXPLOSIVE_PUSH_UP
judo push up	PUSH_UP/JUDO_PUSH_UP
kipping handstand push up	PUSH_UP/KIPPING_HANDSTAND_PUSH_UP
kipping parallette handstand push up	PUSH_UP/KIPPING_PARALLETTE_HANDSTAND_PUSH_UP
kneeling push up	PUSH_UP/KNEELING_PUSH_UP
medicine ball chest pass	PUSH_UP/MEDICINE_BALL_CHEST_PASS
medicine ball push up	PUSH_UP/MEDICINE_BALL_PUSH_UP
one arm push up	PUSH_UP/ONE_ARM_PUSH_UP
parallette handstand push up	PUSH_UP/PARALLETTE_HANDSTAND_PUSH_UP
pike push up	PUSH_UP/PIKE_PUSH_UP
push up	PUSH_UP/PUSH_UP SUSPENSION/PUSH_UP
push up and row	PUSH_UP/PUSH_UP_AND_ROW
push up plus	PUSH_UP/PUSH_UP_PLUS
push up with feet on swiss ball	PUSH_UP/PUSH_UP_WITH_FEET_ON_SWISS_BALL
push up with one hand on medicine ball	PUSH_UP/PUSH_UP_WITH_ONE_HAND_ON_MEDICINE_BALL
ring handstand push up	PUSH_UP/RING_HANDSTAND_PUSH_UP
ring push up	PUSH_UP/RING_PUSH_UP
shoulder push up	PUSH_UP/SHOULDER_PUSH_UP
shoulder tapping push up	PUSH_UP/SHOULDER_TAPPING_PUSH_UP
single arm medicine ball push up	PUSH_UP/SINGLE_ARM_MEDICINE_BALL_PUSH_UP
spiderman push up	PUSH_UP/SPIDERMAN_PUSH_UP
stacked feet push up	PUSH_UP/STACKED_FEET_PUSH_UP
staggered hands push up	PUSH_UP/STAGGERED_HANDS_PUSH_UP
suspended push up	PUSH_UP/SUSPENDED_PUSH_UP
swiss ball push up	PUSH_UP/SWISS_BALL_PUSH_UP
swiss ball push up plus	PUSH_UP/SWISS_BALL_PUSH_UP_PLUS
t push up	PUSH_UP/T_PUSH_UP
triple stop push up	PUSH_UP/TRIPLE_STOP_PUSH_UP
wide hands push up	PUSH_UP/WIDE_HANDS_PUSH_UP
wide grip push up	PUSH_UP/WIDE_GRIP_PUSH_UP
pilates pushup	PUSH_UP/PILATES_PUSHUP
wall push up	PUSH_UP/WALL_PUSH_UP
alternating dumbbell shoulder press	SHOULDER_PRESS/ALTERNATING_DUMBBELL_SHOULDER_PRESS
arnold press	SHOULDER_PRESS/ARNOLD_PRESS
barbell front squat to push press	SHOULDER_PRESS/BARBELL_FRONT_SQUAT_TO_PUSH_PRESS
barbell push press	SHOULDER_PRESS/BARBELL_PUSH_PRESS
barbell shoulder press	SHOULDER_PRESS/BARBELL_SHOULDER_PRESS
dead curl press	SHOULDER_PRESS/DEAD_CURL_PRESS
dumbbell alternating shoulder press and twist	SHOULDER_PRESS/DUMBBELL_ALTERNATING_SHOULDER_PRESS_AND_TWIST
dumbbell front raise	SHOULDER_PRESS/DUMBBELL_FRONT_RAISE
dumbbell hammer curl to lunge to press	SHOULDER_PRESS/DUMBBELL_HAMMER_CURL_TO_LUNGE_TO_PRESS
dumbbell push press	SHOULDER_PRESS/DUMBBELL_PUSH_PRESS
dumbbell shoulder press	SHOULDER_PRESS/DUMBBELL_SHOULDER_PRESS
floor inverted shoulder press	SHOULDER_PRESS/FLOOR_INVERTED_SHOULDER_PRESS
inverted shoulder press	SHOULDER_PRESS/INVERTED_SHOULDER_PRESS
kneeling landmine press	SHOULDER_PRESS/KNEELING_LANDMINE_PRESS
military press	SHOULDER_PRESS/MILITARY_PRESS
one arm push press	SHOULDER_PRESS/ONE_ARM_PUSH_PRESS
overhead barbell press	SHOULDER_PRESS/OVERHEAD_BARBELL_PRESS
overhead dumbbell press	SHOULDER_PRESS/OVERHEAD_DUMBBELL_PRESS
ruck press	SHOULDER_PRESS/RUCK_PRESS
seated barbell shoulder press	SHOULDER_PRESS/SEATED_BARBELL_SHOULDER_PRESS
seated dumbbell shoulder press	SHOULDER_PRESS/SEATED_DUMBBELL_SHOULDER_PRESS
single arm dumbbell shoulder press	SHOULDER_PRESS/SINGLE_ARM_DUMBBELL_SHOULDER_PRESS
single arm step up and press	SHOULDER_PRESS/SINGLE_ARM_STEP_UP_AND_PRESS
smith machine overhead press	SHOULDER_PRESS/SMITH_MACHINE_OVERHEAD_PRESS
split stance hammer curl to press	SHOULDER_PRESS/SPLIT_STANCE_HAMMER_CURL_TO_PRESS
standing landmine press	SHOULDER_PRESS/STANDING_LANDMINE_PRESS
strict press	SHOULDER_PRESS/STRICT_PRESS
swiss ball dumbbell shoulder press	SHOULDER_PRESS/SWISS_BALL_DUMBBELL_SHOULDER_PRESS
weight plate front raise	SHOULDER_PRESS/WEIGHT_PLATE_FRONT_RAISE
dumbbell curl to overhead press wheelchair	SHOULDER_PRESS/DUMBBELL_CURL_TO_OVERHEAD_PRESS_WHEELCHAIR
arnold press wheelchair	SHOULDER_PRESS/ARNOLD_PRESS_WHEELCHAIR
overhead dumbbell press wheelchair	SHOULDER_PRESS/OVERHEAD_DUMBBELL_PRESS_WHEELCHAIR
barbell hang power clean	OLYMPIC_LIFT/BARBELL_HANG_POWER_CLEAN
barbell hang power snatch	OLYMPIC_LIFT/BARBELL_HANG_POWER_SNATCH
barbell hang pull	OLYMPIC_LIFT/BARBELL_HANG_PULL
barbell hang squat clean	OLYMPIC_LIFT/BARBELL_HANG_SQUAT_CLEAN
barbell high pull	OLYMPIC_LIFT/BARBELL_HIGH_PULL
barbell high pull block	OLYMPIC_LIFT/BARBELL_HIGH_PULL_BLOCK
barbell power clean	OLYMPIC_LIFT/BARBELL_POWER_CLEAN
barbell power snatch	OLYMPIC_LIFT/BARBELL_POWER_SNATCH
barbell power snatch block	OLYMPIC_LIFT/BARBELL_POWER_SNATCH_BLOCK
barbell snatch	OLYMPIC_LIFT/BARBELL_SNATCH
barbell split jerk	OLYMPIC_LIFT/BARBELL_SPLIT_JERK
barbell squat clean	OLYMPIC_LIFT/BARBELL_SQUAT_CLEAN
clean	OLYMPIC_LIFT/CLEAN SANDBAG/CLEAN
clean and jerk	OLYMPIC_LIFT/CLEAN_AND_JERK
clean and press	OLYMPIC_LIFT/CLEAN_AND_PRESS SANDBAG/CLEAN_AND_PRESS
dumbbell clean	OLYMPIC_LIFT/DUMBBELL_CLEAN
dumbbell hang pull	OLYMPIC_LIFT/DUMBBELL_HANG_PULL
dumbbell hang snatch	OLYMPIC_LIFT/DUMBBELL_HANG_SNATCH
dumbbell power clean and jerk	OLYMPIC_LIFT/DUMBBELL_POWER_CLEAN_AND_JERK
dumbbell power clean and push press	OLYMPIC_LIFT/DUMBBELL_POWER_CLEAN_AND_PUSH_PRESS
dumbbell power clean and strict press	OLYMPIC_LIFT/DUMBBELL_POWER_CLEAN_AND_STRICT_PRESS
dumbbell snatch	OLYMPIC_LIFT/DUMBBELL_SNATCH
medicine ball clean	OLYMPIC_LIFT/MEDICINE_BALL_CLEAN
one hand dumbbell split snatch	OLYMPIC_LIFT/ONE_HAND_DUMBBELL_SPLIT_SNATCH
push jerk	OLYMPIC_LIFT/PUSH_JERK
single arm dumbbell snatch	OLYMPIC_LIFT/SINGLE_ARM_DUMBBELL_SNATCH
single arm hang snatch	OLYMPIC_LIFT/SINGLE_ARM_HANG_SNATCH
single arm kettlebell snatch	OLYMPIC_LIFT/SINGLE_ARM_KETTLEBELL_SNATCH
split jerk	OLYMPIC_LIFT/SPLIT_JERK
squat clean and jerk	OLYMPIC_LIFT/SQUAT_CLEAN_AND_JERK
snatch	OLYMPIC_LIFT/SNATCH
trap bar high pull	OLYMPIC_LIFT/TRAP_BAR_HIGH_PULL
barbell hip thrust on floor	HIP_RAISE/BARBELL_HIP_THRUST_ON_FLOOR
barbell hip thrust with bench	HIP_RAISE/BARBELL_HIP_THRUST_WITH_BENCH
bent knee swiss ball reverse hip raise	HIP_RAISE/BENT_KNEE_SWISS_BALL_REVERSE_HIP_RAISE
bridge with leg extension	HIP_RAISE/BRIDGE_WITH_LEG_EXTENSION
clam bridge	HIP_RAISE/CLAM_BRIDGE
front kick tabletop	HIP_RAISE/FRONT_KICK_TABLETOP
hip extension and cross	HIP_RAISE/HIP_EXTENSION_AND_CROSS
hip raise	HIP_RAISE/HIP_RAISE
hip raise with feet on swiss ball	HIP_RAISE/HIP_RAISE_WITH_FEET_ON_SWISS_BALL
hip raise with head on bosu ball	HIP_RAISE/HIP_RAISE_WITH_HEAD_ON_BOSU_BALL
hip raise with head on swiss ball	HIP_RAISE/HIP_RAISE_WITH_HEAD_ON_SWISS_BALL
hip raise with knee squeeze	HIP_RAISE/HIP_RAISE_WITH_KNEE_SQUEEZE
incline rear leg extension	HIP_RAISE/INCLINE_REAR_LEG_EXTENSION
kettlebell swing	HIP_RAISE/KETTLEBELL_SWING
marching hip raise	HIP_RAISE/MARCHING_HIP_RAISE
marching hip raise with feet on a swiss ball	HIP_RAISE/MARCHING_HIP_RAISE_WITH_FEET_ON_A_SWISS_BALL
reverse hip raise	HIP_RAISE/REVERSE_HIP_RAISE
single leg hip raise	HIP_RAISE/SINGLE_LEG_HIP_RAISE
single leg hip raise with foot on bench	HIP_RAISE/SINGLE_LEG_HIP_RAISE_WITH_FOOT_ON_BENCH
single leg hip raise with foot on bosu ball	HIP_RAISE/SINGLE_LEG_HIP_RAISE_WITH_FOOT_ON_BOSU_BALL
single leg hip raise with foot on foam roller	HIP_RAISE/SINGLE_LEG_HIP_RAISE_WITH_FOOT_ON_FOAM_ROLLER
single leg hip raise with foot on medicine ball	HIP_RAISE/SINGLE_LEG_HIP_RAISE_WITH_FOOT_ON_MEDICINE_BALL
single leg hip raise with head on bosu ball	HIP_RAISE/SINGLE_LEG_HIP_RAISE_WITH_HEAD_ON_BOSU_BALL
single leg swiss ball hip raise and leg curl	HIP_RAISE/SINGLE_LEG_SWISS_BALL_HIP_RAISE_AND_LEG_CURL
clams	HIP_RAISE/CLAMS
inner thigh circles	HIP_RAISE/INNER_THIGH_CIRCLES
inner thigh side lift	HIP_RAISE/INNER_THIGH_SIDE_LIFT
leg circles	HIP_RAISE/LEG_CIRCLES
leg lift	HIP_RAISE/LEG_LIFT
leg lift in external rotation	HIP_RAISE/LEG_LIFT_IN_EXTERNAL_ROTATION
hip swing	HIP_SWING/HIP_SWING
one arm swing	HIP_SWING/ONE_ARM_SWING
single arm dumbbell swing	HIP_SWING/SINGLE_ARM_DUMBBELL_SWING
single arm kettlebell swing	HIP_SWING/SINGLE_ARM_KETTLEBELL_SWING
step out swing	HIP_SWING/STEP_OUT_SWING
bar holds	CARRY/BAR_HOLDS
carry	CARRY/CARRY
dumbbell waiter carry	CARRY/DUMBBELL_WAITER_CARRY
farmers carry	CARRY/FARMERS_CARRY
farmers carry on toes	CARRY/FARMERS_CARRY_ON_TOES
farmers carry walk lunge	CARRY/FARMERS_CARRY_WALK_LUNGE
farmers walk	CARRY/FARMERS_WALK
farmers walk on toes	CARRY/FARMERS_WALK_ON_TOES
hex dumbbell hold	CARRY/HEX_DUMBBELL_HOLD
overhead carry	CARRY/OVERHEAD_CARRY
abs jabs	CORE/ABS_JABS
alternating plate reach	CORE/ALTERNATING_PLATE_REACH
alternating slide out	CORE/ALTERNATING_SLIDE_OUT
barbell rollout	CORE/BARBELL_ROLLOUT
body bar oblique twist	CORE/BODY_BAR_OBLIQUE_TWIST
cable core press	CORE/CABLE_CORE_PRESS
cable side bend	CORE/CABLE_SIDE_BEND
core	CORE/CORE
crescent circle	CORE/CRESCENT_CIRCLE
cycling russian twist	CORE/CYCLING_RUSSIAN_TWIST
elevated feet russian twist	CORE/ELEVATED_FEET_RUSSIAN_TWIST
ghd back extensions	CORE/GHD_BACK_EXTENSIONS
half turkish get up	CORE/HALF_TURKISH_GET_UP
hanging l sit	CORE/HANGING_L_SIT
inchworm	CORE/INCHWORM
kettlebell windmill	CORE/KETTLEBELL_WINDMILL
kneeling ab wheel	CORE/KNEELING_AB_WHEEL
l sit	CORE/L_SIT
modified front lever	CORE/MODIFIED_FRONT_LEVER
open knee tucks	CORE/OPEN_KNEE_TUCKS
overhead walk	CORE/OVERHEAD_WALK
ring l sit	CORE/RING_L_SIT
russian twist	CORE/RUSSIAN_TWIST SANDBAG/RUSSIAN_TWIST
side abs leg lift	CORE/SIDE_ABS_LEG_LIFT
side bend	CORE/SIDE_BEND
swiss ball jackknife	CORE/SWISS_BALL_JACKKNIFE
swiss ball pike	CORE/SWISS_BALL_PIKE
swiss ball rollout	CORE/SWISS_BALL_ROLLOUT
toes to elbows	CORE/TOES_TO_ELBOWS
triangle hip press	CORE/TRIANGLE_HIP_PRESS
trx suspended jackknife	CORE/TRX_SUSPENDED_JACKKNIFE
turkish get up	CORE/TURKISH_GET_UP
u boat	CORE/U_BOAT
windmill switches	CORE/WINDMILL_SWITCHES
abdominal leg rotations	CORE/ABDOMINAL_LEG_ROTATIONS
arm and leg extension on knees	CORE/ARM_AND_LEG_EXTENSION_ON_KNEES
bicycle	CORE/BICYCLE
bicep curl with leg extension	CORE/BICEP_CURL_WITH_LEG_EXTENSION
cat cow	CORE/CAT_COW
corkscrew	CORE/CORKSCREW
criss cross	CORE/CRISS_CROSS
criss cross with ball	CORE/CRISS_CROSS_WITH_BALL
double leg stretch	CORE/DOUBLE_LEG_STRETCH
knee folds	CORE/KNEE_FOLDS
lower lift	CORE/LOWER_LIFT
neck pull	CORE/NECK_PULL
pelvic clocks	CORE/PELVIC_CLOCKS
roll over	CORE/ROLL_OVER
roll up	CORE/ROLL_UP
rolling	CORE/ROLLING
rowing 1	CORE/ROWING_1
rowing 2	CORE/ROWING_2
scissors	CORE/SCISSORS
single leg circles	CORE/SINGLE_LEG_CIRCLES
single leg stretch	CORE/SINGLE_LEG_STRETCH
snake twist 1 and 2	CORE/SNAKE_TWIST_1_AND_2
swan	CORE/SWAN
swimming	CORE/SWIMMING
teaser	CORE/TEASER
the hundred	CORE/THE_HUNDRED
bicep curl with leg extension with weights	CORE/BICEP_CURL_WITH_LEG_EXTENSION_WITH_WEIGHTS
lower lift with weights	CORE/LOWER_LIFT_WITH_WEIGHTS
rowing 1 with weights	CORE/ROWING_1_WITH_WEIGHTS
rowing 2 with weights	CORE/ROWING_2_WITH_WEIGHTS
scissors with weights	CORE/SCISSORS_WITH_WEIGHTS
single leg stretch with weights	CORE/SINGLE_LEG_STRETCH_WITH_WEIGHTS
side bend low wheelchair	CORE/SIDE_BEND_LOW_WHEELCHAIR
side bend mid wheelchair	CORE/SIDE_BEND_MID_WHEELCHAIR
side bend high wheelchair	CORE/SIDE_BEND_HIGH_WHEELCHAIR
seated side bend	CORE/SEATED_SIDE_BEND
45 degree plank	PLANK/_45_DEGREE_PLANK
90 degree static hold	PLANK/_90_DEGREE_STATIC_HOLD
bear crawl	PLANK/BEAR_CRAWL WARM_UP/BEAR_CRAWL
cross body mountain climber	PLANK/CROSS_BODY_MOUNTAIN_CLIMBER
elbow plank pike jacks	PLANK/ELBOW_PLANK_PIKE_JACKS
elevated feet plank	PLANK/ELEVATED_FEET_PLANK
elevator abs	PLANK/ELEVATOR_ABS
extended plank	PLANK/EXTENDED_PLANK
full plank passe twist	PLANK/FULL_PLANK_PASSE_TWIST
inching elbow plank	PLANK/INCHING_ELBOW_PLANK
inchworm to side plank	PLANK/INCHWORM_TO_SIDE_PLANK
kneeling plank	PLANK/KNEELING_PLANK
kneeling side plank with leg lift	PLANK/KNEELING_SIDE_PLANK_WITH_LEG_LIFT
lateral roll	PLANK/LATERAL_ROLL
lying reverse plank	PLANK/LYING_REVERSE_PLANK
medicine ball mountain climber	PLANK/MEDICINE_BALL_MOUNTAIN_CLIMBER
modified mountain climber and extension	PLANK/MODIFIED_MOUNTAIN_CLIMBER_AND_EXTENSION
mountain climber	PLANK/MOUNTAIN_CLIMBER SUSPENSION/MOUNTAIN_CLIMBER
mountain climber on sliding discs	PLANK/MOUNTAIN_CLIMBER_ON_SLIDING_DISCS
mountain climber with feet on bosu ball	PLANK/MOUNTAIN_CLIMBER_WITH_FEET_ON_BOSU_BALL
mountain climber with hands on bench	PLANK/MOUNTAIN_CLIMBER_WITH_HANDS_ON_BENCH
mountain climber with hands on swiss ball	PLANK/MOUNTAIN_CLIMBER_WITH_HANDS_ON_SWISS_BALL
plank	PLANK/PLANK POSE/PLANK BANDED_EXERCISES/PLANK SUSPENSION/PLANK
plank jacks with feet on sliding discs	PLANK/PLANK_JACKS_WITH_FEET_ON_SLIDING_DISCS
plank knee twist	PLANK/PLANK_KNEE_TWIST
plank pike jumps	PLANK/PLANK_PIKE_JUMPS
plank pikes	PLANK/PLANK_PIKES
plank to stand up	PLANK/PLANK_TO_STAND_UP
plank with arm raise	PLANK/PLANK_WITH_ARM_RAISE
plank with feet on swiss ball	PLANK/PLANK_WITH_FEET_ON_SWISS_BALL
plank with knee to elbow	PLANK/PLANK_WITH_KNEE_TO_ELBOW
plank with leg lift	PLANK/PLANK_WITH_LEG_LIFT
plank with oblique crunch	PLANK/PLANK_WITH_OBLIQUE_CRUNCH
plyometric side plank	PLANK/PLYOMETRIC_SIDE_PLANK
ring plank sprawls	PLANK/RING_PLANK_SPRAWLS
rolling side plank	PLANK/ROLLING_SIDE_PLANK
side kick plank	PLANK/SIDE_KICK_PLANK
side plank	PLANK/SIDE_PLANK POSE/SIDE_PLANK SUSPENSION/SIDE_PLANK
side plank and row	PLANK/SIDE_PLANK_AND_ROW
side plank lift	PLANK/SIDE_PLANK_LIFT
side plank to plank with reach under	PLANK/SIDE_PLANK_TO_PLANK_WITH_REACH_UNDER
side plank with elbow on bosu ball	PLANK/SIDE_PLANK_WITH_ELBOW_ON_BOSU_BALL
side plank with feet on bench	PLANK/SIDE_PLANK_WITH_FEET_ON_BENCH
side plank with knee circle	PLANK/SIDE_PLANK_WITH_KNEE_CIRCLE
side plank with knee tuck	PLANK/SIDE_PLANK_WITH_KNEE_TUCK
side plank with leg lift	PLANK/SIDE_PLANK_WITH_LEG_LIFT
side plank with reach under	PLANK/SIDE_PLANK_WITH_REACH_UNDER
single leg elevated feet plank	PLANK/SINGLE_LEG_ELEVATED_FEET_PLANK
single leg flex and extend	PLANK/SINGLE_LEG_FLEX_AND_EXTEND
single leg side plank	PLANK/SINGLE_LEG_SIDE_PLANK
spiderman plank	PLANK/SPIDERMAN_PLANK
straight arm plank	PLANK/STRAIGHT_ARM_PLANK
straight arm plank with shoulder touch	PLANK/STRAIGHT_ARM_PLANK_WITH_SHOULDER_TOUCH
swiss ball plank	PLANK/SWISS_BALL_PLANK
swiss ball plank leg lift	PLANK/SWISS_BALL_PLANK_LEG_LIFT
swiss ball plank leg lift and hold	PLANK/SWISS_BALL_PLANK_LEG_LIFT_AND_HOLD
swiss ball plank with feet on bench	PLANK/SWISS_BALL_PLANK_WITH_FEET_ON_BENCH
swiss ball prone jackknife	PLANK/SWISS_BALL_PRONE_JACKKNIFE
swiss ball side plank	PLANK/SWISS_BALL_SIDE_PLANK
t stabilization	PLANK/T_STABILIZATION
three way plank	PLANK/THREE_WAY_PLANK
towel plank and knee in	PLANK/TOWEL_PLANK_AND_KNEE_IN
turkish get up to side plank	PLANK/TURKISH_GET_UP_TO_SIDE_PLANK
two point plank	PLANK/TWO_POINT_PLANK
weighted 45 degree plank	PLANK/_45_DEGREE_PLANK
weighted 90 degree static hold	PLANK/_90_DEGREE_STATIC_HOLD
wide stance plank with diagonal arm lift	PLANK/WIDE_STANCE_PLANK_WITH_DIAGONAL_ARM_LIFT
wide stance plank with diagonal leg lift	PLANK/WIDE_STANCE_PLANK_WITH_DIAGONAL_LEG_LIFT
wide stance plank with leg lift	PLANK/WIDE_STANCE_PLANK_WITH_LEG_LIFT
wide stance plank with opposite arm and leg lift	PLANK/WIDE_STANCE_PLANK_WITH_OPPOSITE_ARM_AND_LEG_LIFT
bridge with glute lower lift	PLANK/BRIDGE_WITH_GLUTE_LOWER_LIFT
bridge one leg bridge	PLANK/BRIDGE_ONE_LEG_BRIDGE
plank with arm variations	PLANK/PLANK_WITH_ARM_VARIATIONS
reverse plank with leg pull	PLANK/REVERSE_PLANK_WITH_LEG_PULL
bicycle crunch	CRUNCH/BICYCLE_CRUNCH BANDED_EXERCISES/BICYCLE_CRUNCH
cable crunch	CRUNCH/CABLE_CRUNCH
circular arm crunch	CRUNCH/CIRCULAR_ARM_CRUNCH
cross leg reverse crunch	CRUNCH/CROSS_LEG_REVERSE_CRUNCH
crossed arms crunch	CRUNCH/CROSSED_ARMS_CRUNCH
crunch	CRUNCH/CRUNCH SUSPENSION/CRUNCH
crunch chop	CRUNCH/CRUNCH_CHOP
double crunch	CRUNCH/DOUBLE_CRUNCH
elbow to knee crunch	CRUNCH/ELBOW_TO_KNEE_CRUNCH
flutter kicks	CRUNCH/FLUTTER_KICKS
foam roller reverse crunch on bench	CRUNCH/FOAM_ROLLER_REVERSE_CRUNCH_ON_BENCH
foam roller reverse crunch with dumbbell	CRUNCH/FOAM_ROLLER_REVERSE_CRUNCH_WITH_DUMBBELL
foam roller reverse crunch with medicine ball	CRUNCH/FOAM_ROLLER_REVERSE_CRUNCH_WITH_MEDICINE_BALL
frog press	CRUNCH/FROG_PRESS
hanging knee raise oblique crunch	CRUNCH/HANGING_KNEE_RAISE_OBLIQUE_CRUNCH
hip crossover	CRUNCH/HIP_CROSSOVER
hollow rock	CRUNCH/HOLLOW_ROCK
incline reverse crunch	CRUNCH/INCLINE_REVERSE_CRUNCH
kneeling cable crunch	CRUNCH/KNEELING_CABLE_CRUNCH
kneeling cross crunch	CRUNCH/KNEELING_CROSS_CRUNCH
kneeling oblique cable crunch	CRUNCH/KNEELING_OBLIQUE_CABLE_CRUNCH
knees to elbow	CRUNCH/KNEES_TO_ELBOW
leg climb crunch	CRUNCH/LEG_CLIMB_CRUNCH
leg extensions	CRUNCH/LEG_EXTENSIONS
leg levers	CRUNCH/LEG_LEVERS
mcgill curl up	CRUNCH/MCGILL_CURL_UP
modified pilates roll up with ball	CRUNCH/MODIFIED_PILATES_ROLL_UP_WITH_BALL
pilates crunch	CRUNCH/PILATES_CRUNCH
pilates roll up with ball	CRUNCH/PILATES_ROLL_UP_WITH_BALL
raised legs crunch	CRUNCH/RAISED_LEGS_CRUNCH
reverse crunch	CRUNCH/REVERSE_CRUNCH BANDED_EXERCISES/REVERSE_CRUNCH
reverse crunch on a bench	CRUNCH/REVERSE_CRUNCH_ON_A_BENCH
reverse curl and lift	CRUNCH/REVERSE_CURL_AND_LIFT
rotational lift	CRUNCH/ROTATIONAL_LIFT
ruck flutter kicks	CRUNCH/RUCK_FLUTTER_KICKS
seated alternating reverse crunch	CRUNCH/SEATED_ALTERNATING_REVERSE_CRUNCH
seated leg u	CRUNCH/SEATED_LEG_U
side to side crunch and weave	CRUNCH/SIDE_TO_SIDE_CRUNCH_AND_WEAVE
single leg reverse crunch	CRUNCH/SINGLE_LEG_REVERSE_CRUNCH
skater crunch cross	CRUNCH/SKATER_CRUNCH_CROSS
standing cable crunch	CRUNCH/STANDING_CABLE_CRUNCH
standing side crunch	CRUNCH/STANDING_SIDE_CRUNCH
step climb	CRUNCH/STEP_CLIMB
straight leg crunch with ball	CRUNCH/STRAIGHT_LEG_CRUNCH_WITH_BALL
swiss ball crunch	CRUNCH/SWISS_BALL_CRUNCH
swiss ball reverse crunch	CRUNCH/SWISS_BALL_REVERSE_CRUNCH
swiss ball russian twist	CRUNCH/SWISS_BALL_RUSSIAN_TWIST
swiss ball side crunch	CRUNCH/SWISS_BALL_SIDE_CRUNCH
thoracic crunches on foam roller	CRUNCH/THORACIC_CRUNCHES_ON_FOAM_ROLLER
toes to bar	CRUNCH/TOES_TO_BAR
triceps crunch	CRUNCH/TRICEPS_CRUNCH
alternating sit up	SIT_UP/ALTERNATING_SIT_UP
bent knee v up	SIT_UP/BENT_KNEE_V_UP
butterfly sit up	SIT_UP/BUTTERFLY_SIT_UP
cross punch roll up	SIT_UP/CROSS_PUNCH_ROLL_UP
crossed arms sit up	SIT_UP/CROSSED_ARMS_SIT_UP
get up sit up	SIT_UP/GET_UP_SIT_UP
ghd sit ups	SIT_UP/GHD_SIT_UPS
hovering sit up	SIT_UP/HOVERING_SIT_UP
kettlebell sit up	SIT_UP/KETTLEBELL_SIT_UP
medicine ball alternating v up	SIT_UP/MEDICINE_BALL_ALTERNATING_V_UP
medicine ball sit up	SIT_UP/MEDICINE_BALL_SIT_UP
medicine ball v up	SIT_UP/MEDICINE_BALL_V_UP
modified sit up	SIT_UP/MODIFIED_SIT_UP
negative sit up	SIT_UP/NEGATIVE_SIT_UP
one arm full sit up	SIT_UP/ONE_ARM_FULL_SIT_UP
reclining circle	SIT_UP/RECLINING_CIRCLE
reverse curl up	SIT_UP/REVERSE_CURL_UP
russian twist on swiss ball	SIT_UP/RUSSIAN_TWIST_ON_SWISS_BALL
single leg swiss ball jackknife	SIT_UP/SINGLE_LEG_SWISS_BALL_JACKKNIFE
sit up	SIT_UP/SIT_UP SUSPENSION/SIT_UP
sit up turkish get up	SIT_UP/SIT_UP_TURKISH_GET_UP
the teaser	SIT_UP/THE_TEASER
the teaser weighted	SIT_UP/THE_TEASER_WEIGHTED
three part roll down	SIT_UP/THREE_PART_ROLL_DOWN
v up	SIT_UP/V_UP
weighted butterfly situp	SIT_UP/WEIGHTED_BUTTERFLY_SITUP
x abs	SIT_UP/X_ABS
hanging knee raise	LEG_RAISE/HANGING_KNEE_RAISE
hanging leg raise	LEG_RAISE/HANGING_LEG_RAISE
hanging single leg raise	LEG_RAISE/HANGING_SINGLE_LEG_RAISE
kettlebell leg raises	LEG_RAISE/KETTLEBELL_LEG_RAISES
lateral stepover	LEG_RAISE/LATERAL_STEPOVER
leg lowering drill	LEG_RAISE/LEG_LOWERING_DRILL
leg raise	LEG_RAISE/LEG_RAISE
lying straight leg raise	LEG_RAISE/LYING_STRAIGHT_LEG_RAISE
medicine ball leg drops	LEG_RAISE/MEDICINE_BALL_LEG_DROPS
quadruped leg raise	LEG_RAISE/QUADRUPED_LEG_RAISE
reverse leg raise	LEG_RAISE/REVERSE_LEG_RAISE
reverse leg raise on swiss ball	LEG_RAISE/REVERSE_LEG_RAISE_ON_SWISS_BALL
single leg lowering drill	LEG_RAISE/SINGLE_LEG_LOWERING_DRILL
cable pull through	CHOP/CABLE_PULL_THROUGH
cable rotational lift	CHOP/CABLE_ROTATIONAL_LIFT
cable woodchop	CHOP/CABLE_WOODCHOP
chop	CHOP/CHOP
cross chop to knee	CHOP/CROSS_CHOP_TO_KNEE
dumbbell chop	CHOP/DUMBBELL_CHOP
half kneeling rotation	CHOP/HALF_KNEELING_ROTATION
half kneeling rotational chop	CHOP/HALF_KNEELING_ROTATIONAL_CHOP
half kneeling rotational reverse chop	CHOP/HALF_KNEELING_ROTATIONAL_REVERSE_CHOP
half kneeling stability chop	CHOP/HALF_KNEELING_STABILITY_CHOP
half kneeling stability reverse chop	CHOP/HALF_KNEELING_STABILITY_REVERSE_CHOP
kneeling rotational chop	CHOP/KNEELING_ROTATIONAL_CHOP
kneeling rotational reverse chop	CHOP/KNEELING_ROTATIONAL_REVERSE_CHOP
kneeling stability chop	CHOP/KNEELING_STABILITY_CHOP
kneeling woodchopper	CHOP/KNEELING_WOODCHOPPER
medicine ball wood chops	CHOP/MEDICINE_BALL_WOOD_CHOPS
power squat chops	CHOP/POWER_SQUAT_CHOPS
standing rotational chop	CHOP/STANDING_ROTATIONAL_CHOP
standing split rotational chop	CHOP/STANDING_SPLIT_ROTATIONAL_CHOP
standing split rotational reverse chop	CHOP/STANDING_SPLIT_ROTATIONAL_REVERSE_CHOP
standing stability reverse chop	CHOP/STANDING_STABILITY_REVERSE_CHOP
alternating dumbbell biceps curl	CURL/ALTERNATING_DUMBBELL_BICEPS_CURL
alternating dumbbell biceps curl on swiss ball	CURL/ALTERNATING_DUMBBELL_BICEPS_CURL_ON_SWISS_BALL
alternating incline dumbbell biceps curl	CURL/ALTERNATING_INCLINE_DUMBBELL_BICEPS_CURL
barbell biceps curl	CURL/BARBELL_BICEPS_CURL
barbell reverse wrist curl	CURL/BARBELL_REVERSE_WRIST_CURL
barbell wrist curl	CURL/BARBELL_WRIST_CURL
behind the back barbell reverse wrist curl	CURL/BEHIND_THE_BACK_BARBELL_REVERSE_WRIST_CURL
behind the back one arm cable curl	CURL/BEHIND_THE_BACK_ONE_ARM_CABLE_CURL
cable biceps curl	CURL/CABLE_BICEPS_CURL
cable hammer curl	CURL/CABLE_HAMMER_CURL
cheating barbell biceps curl	CURL/CHEATING_BARBELL_BICEPS_CURL
close grip ez bar biceps curl	CURL/CLOSE_GRIP_EZ_BAR_BICEPS_CURL
cross body dumbbell hammer curl	CURL/CROSS_BODY_DUMBBELL_HAMMER_CURL
curl	CURL/CURL BANDED_EXERCISES/CURL SANDBAG/CURL SUSPENSION/CURL
dead hang biceps curl	CURL/DEAD_HANG_BICEPS_CURL
decline hammer curl	CURL/DECLINE_HAMMER_CURL
dumbbell biceps curl	CURL/DUMBBELL_BICEPS_CURL
dumbbell biceps curl with static hold	CURL/DUMBBELL_BICEPS_CURL_WITH_STATIC_HOLD
dumbbell hammer curl	CURL/DUMBBELL_HAMMER_CURL
dumbbell reverse wrist curl	CURL/DUMBBELL_REVERSE_WRIST_CURL
dumbbell wrist curl	CURL/DUMBBELL_WRIST_CURL
ez bar preacher curl	CURL/EZ_BAR_PREACHER_CURL
forward bend biceps curl	CURL/FORWARD_BEND_BICEPS_CURL
hammer curl to press	CURL/HAMMER_CURL_TO_PRESS
incline dumbbell biceps curl	CURL/INCLINE_DUMBBELL_BICEPS_CURL
incline offset thumb dumbbell curl	CURL/INCLINE_OFFSET_THUMB_DUMBBELL_CURL
kettlebell biceps curl	CURL/KETTLEBELL_BICEPS_CURL
lying concentration cable curl	CURL/LYING_CONCENTRATION_CABLE_CURL
one arm concentration curl	CURL/ONE_ARM_CONCENTRATION_CURL
one arm preacher curl	CURL/ONE_ARM_PREACHER_CURL
plate pinch curl	CURL/PLATE_PINCH_CURL
preacher curl with cable	CURL/PREACHER_CURL_WITH_CABLE
reverse ez bar curl	CURL/REVERSE_EZ_BAR_CURL
reverse grip barbell biceps curl	CURL/REVERSE_GRIP_BARBELL_BICEPS_CURL
reverse grip wrist curl	CURL/REVERSE_GRIP_WRIST_CURL
seated alternating dumbbell biceps curl	CURL/SEATED_ALTERNATING_DUMBBELL_BICEPS_CURL
seated dumbbell biceps curl	CURL/SEATED_DUMBBELL_BICEPS_CURL
seated reverse dumbbell curl	CURL/SEATED_REVERSE_DUMBBELL_CURL
split stance offset pinky dumbbell curl	CURL/SPLIT_STANCE_OFFSET_PINKY_DUMBBELL_CURL
standing alternating dumbbell curls	CURL/STANDING_ALTERNATING_DUMBBELL_CURLS
standing dumbbell biceps curl	CURL/STANDING_DUMBBELL_BICEPS_CURL
standing ez bar biceps curl	CURL/STANDING_EZ_BAR_BICEPS_CURL
standing zottman biceps curl	CURL/STANDING_ZOTTMAN_BICEPS_CURL
static curl	CURL/STATIC_CURL
swiss ball dumbbell overhead triceps extension	CURL/SWISS_BALL_DUMBBELL_OVERHEAD_TRICEPS_EXTENSION
swiss ball ez bar preacher curl	CURL/SWISS_BALL_EZ_BAR_PREACHER_CURL
twisting standing dumbbell biceps curl	CURL/TWISTING_STANDING_DUMBBELL_BICEPS_CURL
wide grip ez bar biceps curl	CURL/WIDE_GRIP_EZ_BAR_BICEPS_CURL
drag curl wheelchair	CURL/DRAG_CURL_WHEELCHAIR
dumbbell biceps curl wheelchair	CURL/DUMBBELL_BICEPS_CURL_WHEELCHAIR
bottle curl	CURL/BOTTLE_CURL
seated bottle curl	CURL/SEATED_BOTTLE_CURL
alternating dumbbell lying triceps extension	TRICEPS_EXTENSION/ALTERNATING_DUMBBELL_LYING_TRICEPS_EXTENSION
bench dip	TRICEPS_EXTENSION/BENCH_DIP
dip	TRICEPS_EXTENSION/BODY_WEIGHT_DIP SUSPENSION/DIP
cable kickback	TRICEPS_EXTENSION/CABLE_KICKBACK
cable lying triceps extension	TRICEPS_EXTENSION/CABLE_LYING_TRICEPS_EXTENSION
cable overhead triceps extension	TRICEPS_EXTENSION/CABLE_OVERHEAD_TRICEPS_EXTENSION
dumbbell kickback	TRICEPS_EXTENSION/DUMBBELL_KICKBACK
dumbbell lying triceps extension	TRICEPS_EXTENSION/DUMBBELL_LYING_TRICEPS_EXTENSION
ez bar overhead triceps extension	TRICEPS_EXTENSION/EZ_BAR_OVERHEAD_TRICEPS_EXTENSION
incline dip	TRICEPS_EXTENSION/INCLINE_DIP
incline ez bar lying triceps extension	TRICEPS_EXTENSION/INCLINE_EZ_BAR_LYING_TRICEPS_EXTENSION
lying dumbbell pullover to extension	TRICEPS_EXTENSION/LYING_DUMBBELL_PULLOVER_TO_EXTENSION
lying ez bar triceps extension	TRICEPS_EXTENSION/LYING_EZ_BAR_TRICEPS_EXTENSION
lying triceps extension to close grip bench press	TRICEPS_EXTENSION/LYING_TRICEPS_EXTENSION_TO_CLOSE_GRIP_BENCH_PRESS
overhead dumbbell triceps extension	TRICEPS_EXTENSION/OVERHEAD_DUMBBELL_TRICEPS_EXTENSION
reclining triceps press	TRICEPS_EXTENSION/RECLINING_TRICEPS_PRESS
reverse grip pressdown	TRICEPS_EXTENSION/REVERSE_GRIP_PRESSDOWN
reverse grip triceps pressdown	TRICEPS_EXTENSION/REVERSE_GRIP_TRICEPS_PRESSDOWN
rope pressdown	TRICEPS_EXTENSION/ROPE_PRESSDOWN
seated barbell overhead triceps extension	TRICEPS_EXTENSION/SEATED_BARBELL_OVERHEAD_TRICEPS_EXTENSION
seated dumbbell overhead triceps extension	TRICEPS_EXTENSION/SEATED_DUMBBELL_OVERHEAD_TRICEPS_EXTENSION
seated ez bar overhead triceps extension	TRICEPS_EXTENSION/SEATED_EZ_BAR_OVERHEAD_TRICEPS_EXTENSION
seated single arm overhead dumbbell extension	TRICEPS_EXTENSION/SEATED_SINGLE_ARM_OVERHEAD_DUMBBELL_EXTENSION
single arm dumbbell overhead triceps extension	TRICEPS_EXTENSION/SINGLE_ARM_DUMBBELL_OVERHEAD_TRICEPS_EXTENSION
single dumbbell seated overhead triceps extension	TRICEPS_EXTENSION/SINGLE_DUMBBELL_SEATED_OVERHEAD_TRICEPS_EXTENSION
single leg bench dip and kick	TRICEPS_EXTENSION/SINGLE_LEG_BENCH_DIP_AND_KICK
single leg dip	TRICEPS_EXTENSION/SINGLE_LEG_DIP
static lying triceps extension	TRICEPS_EXTENSION/STATIC_LYING_TRICEPS_EXTENSION
suspended dip	TRICEPS_EXTENSION/SUSPENDED_DIP
swiss ball dumbbell lying triceps extension	TRICEPS_EXTENSION/SWISS_BALL_DUMBBELL_LYING_TRICEPS_EXTENSION
swiss ball ez bar lying triceps extension	TRICEPS_EXTENSION/SWISS_BALL_EZ_BAR_LYING_TRICEPS_EXTENSION
swiss ball ez bar overhead triceps extension	TRICEPS_EXTENSION/SWISS_BALL_EZ_BAR_OVERHEAD_TRICEPS_EXTENSION
tabletop dip	TRICEPS_EXTENSION/TABLETOP_DIP
triceps extension on floor	TRICEPS_EXTENSION/TRICEPS_EXTENSION_ON_FLOOR
triceps press	TRICEPS_EXTENSION/TRICEPS_PRESS
triceps pressdown	TRICEPS_EXTENSION/TRICEPS_PRESSDOWN
dumbbell kickback wheelchair	TRICEPS_EXTENSION/DUMBBELL_KICKBACK_WHEELCHAIR
overhead dumbbell triceps extension wheelchair	TRICEPS_EXTENSION/OVERHEAD_DUMBBELL_TRICEPS_EXTENSION_WHEELCHAIR
45 degree cable external rotation	LATERAL_RAISE/_45_DEGREE_CABLE_EXTERNAL_ROTATION
alternating lateral raise with static hold	LATERAL_RAISE/ALTERNATING_LATERAL_RAISE_WITH_STATIC_HOLD
bar muscle up	LATERAL_RAISE/BAR_MUSCLE_UP
bent over lateral raise	LATERAL_RAISE/BENT_OVER_LATERAL_RAISE
cable diagonal raise	LATERAL_RAISE/CABLE_DIAGONAL_RAISE
cable front raise	LATERAL_RAISE/CABLE_FRONT_RAISE
calorie row	LATERAL_RAISE/CALORIE_ROW
combo shoulder raise	LATERAL_RAISE/COMBO_SHOULDER_RAISE
dumbbell diagonal raise	LATERAL_RAISE/DUMBBELL_DIAGONAL_RAISE
dumbbell lateral raise	LATERAL_RAISE/DUMBBELL_LATERAL_RAISE
dumbbell v raise	LATERAL_RAISE/DUMBBELL_V_RAISE
front raise	LATERAL_RAISE/FRONT_RAISE BANDED_EXERCISES/FRONT_RAISE
leaning dumbbell lateral raise	LATERAL_RAISE/LEANING_DUMBBELL_LATERAL_RAISE
lying dumbbell raise	LATERAL_RAISE/LYING_DUMBBELL_RAISE
muscle up	LATERAL_RAISE/MUSCLE_UP
one arm cable lateral raise	LATERAL_RAISE/ONE_ARM_CABLE_LATERAL_RAISE
overhand grip rear lateral raise	LATERAL_RAISE/OVERHAND_GRIP_REAR_LATERAL_RAISE
plate raises	LATERAL_RAISE/PLATE_RAISES
ring dip	LATERAL_RAISE/RING_DIP
ring dip kipping	LATERAL_RAISE/RING_DIP_KIPPING
ring muscle up	LATERAL_RAISE/RING_MUSCLE_UP
rope climb	LATERAL_RAISE/ROPE_CLIMB
scaption	LATERAL_RAISE/SCAPTION
seated lateral raise	LATERAL_RAISE/SEATED_LATERAL_RAISE
seated rear lateral raise	LATERAL_RAISE/SEATED_REAR_LATERAL_RAISE
side lying lateral raise	LATERAL_RAISE/SIDE_LYING_LATERAL_RAISE
standing lift	LATERAL_RAISE/STANDING_LIFT
suspended row	LATERAL_RAISE/SUSPENDED_ROW
underhand grip rear lateral raise	LATERAL_RAISE/UNDERHAND_GRIP_REAR_LATERAL_RAISE
wall slide	LATERAL_RAISE/WALL_SLIDE
wall walk	LATERAL_RAISE/WALL_WALK
arm circles	LATERAL_RAISE/ARM_CIRCLES WARM_UP/ARM_CIRCLES
shaving the head	LATERAL_RAISE/SHAVING_THE_HEAD
dumbbell front raise wheelchair	LATERAL_RAISE/DUMBBELL_FRONT_RAISE_WHEELCHAIR
dumbbell lateral raise wheelchair	LATERAL_RAISE/DUMBBELL_LATERAL_RAISE_WHEELCHAIR
pole double arm overhead and forward wheelchair	LATERAL_RAISE/POLE_DOUBLE_ARM_OVERHEAD_AND_FORWARD_WHEELCHAIR
pole straight arm overhead wheelchair	LATERAL_RAISE/POLE_STRAIGHT_ARM_OVERHEAD_WHEELCHAIR
cable crossover	FLYE/CABLE_CROSSOVER
decline dumbbell flye	FLYE/DECLINE_DUMBBELL_FLYE
dumbbell flye	FLYE/DUMBBELL_FLYE
incline dumbbell flye	FLYE/INCLINE_DUMBBELL_FLYE
incline reverse flye	FLYE/INCLINE_REVERSE_FLYE
kettlebell flye	FLYE/KETTLEBELL_FLYE
kneeling rear flye	FLYE/KNEELING_REAR_FLYE
single arm standing cable reverse flye	FLYE/SINGLE_ARM_STANDING_CABLE_REVERSE_FLYE
swiss ball dumbbell flye	FLYE/SWISS_BALL_DUMBBELL_FLYE
arm rotations	FLYE/ARM_ROTATIONS
hug a tree	FLYE/HUG_A_TREE
face down incline reverse flye	FLYE/FACE_DOWN_INCLINE_REVERSE_FLYE
rear delt fly wheelchair	FLYE/REAR_DELT_FLY_WHEELCHAIR
barbell jump shrug	SHRUG/BARBELL_JUMP_SHRUG
barbell shrug	SHRUG/BARBELL_SHRUG
barbell upright row	SHRUG/BARBELL_UPRIGHT_ROW
behind the back shrug	SHRUG/BEHIND_THE_BACK_SHRUG
behind the back smith machine shrug	SHRUG/BEHIND_THE_BACK_SMITH_MACHINE_SHRUG
dumbbell jump shrug	SHRUG/DUMBBELL_JUMP_SHRUG
dumbbell shrug	SHRUG/DUMBBELL_SHRUG
dumbbell upright row	SHRUG/DUMBBELL_UPRIGHT_ROW
incline dumbbell shrug	SHRUG/INCLINE_DUMBBELL_SHRUG
overhead barbell shrug	SHRUG/OVERHEAD_BARBELL_SHRUG
overhead dumbbell shrug	SHRUG/OVERHEAD_DUMBBELL_SHRUG
scaption and shrug	SHRUG/SCAPTION_AND_SHRUG
scapular retraction	SHRUG/SCAPULAR_RETRACTION
serratus chair shrug	SHRUG/SERRATUS_CHAIR_SHRUG
serratus shrug	SHRUG/SERRATUS_SHRUG
shrug	SHRUG/SHRUG
wide grip barbell shrug	SHRUG/WIDE_GRIP_BARBELL_SHRUG
wide grip jump shrug	SHRUG/WIDE_GRIP_JUMP_SHRUG
upright row	SHRUG/UPRIGHT_ROW BANDED_EXERCISES/UPRIGHT_ROW
dumbbell shrug wheelchair	SHRUG/DUMBBELL_SHRUG_WHEELCHAIR
shrug wheelchair	SHRUG/SHRUG_WHEELCHAIR
shrug arm down wheelchair	SHRUG/SHRUG_ARM_DOWN_WHEELCHAIR
shrug arm mid wheelchair	SHRUG/SHRUG_ARM_MID_WHEELCHAIR
shrug arm up wheelchair	SHRUG/SHRUG_ARM_UP_WHEELCHAIR
3 way calf raise	CALF_RAISE/_3_WAY_CALF_RAISE
3 way single leg calf raise	CALF_RAISE/_3_WAY_SINGLE_LEG_CALF_RAISE
3 way weighted calf raise	CALF_RAISE/_3_WAY_WEIGHTED_CALF_RAISE
3 way weighted single leg calf raise	CALF_RAISE/_3_WAY_WEIGHTED_SINGLE_LEG_CALF_RAISE
calf raise	CALF_RAISE/CALF_RAISE
donkey calf raise	CALF_RAISE/DONKEY_CALF_RAISE
seated calf raise	CALF_RAISE/SEATED_CALF_RAISE
seated dumbbell toe raise	CALF_RAISE/SEATED_DUMBBELL_TOE_RAISE
single leg bent knee calf raise	CALF_RAISE/SINGLE_LEG_BENT_KNEE_CALF_RAISE
single leg decline push up	CALF_RAISE/SINGLE_LEG_DECLINE_PUSH_UP
single leg donkey calf raise	CALF_RAISE/SINGLE_LEG_DONKEY_CALF_RAISE
single leg hip raise with knee hold	CALF_RAISE/SINGLE_LEG_HIP_RAISE_WITH_KNEE_HOLD
single leg standing calf raise	CALF_RAISE/SINGLE_LEG_STANDING_CALF_RAISE
single leg standing dumbbell calf raise	CALF_RAISE/SINGLE_LEG_STANDING_DUMBBELL_CALF_RAISE
standing barbell calf raise	CALF_RAISE/STANDING_BARBELL_CALF_RAISE
standing calf raise	CALF_RAISE/STANDING_CALF_RAISE
standing dumbbell calf raise	CALF_RAISE/STANDING_DUMBBELL_CALF_RAISE
band good morning	LEG_CURL/BAND_GOOD_MORNING
bar good morning	LEG_CURL/BAR_GOOD_MORNING
good morning	LEG_CURL/GOOD_MORNING
leg curl	LEG_CURL/LEG_CURL
seated barbell good morning	LEG_CURL/SEATED_BARBELL_GOOD_MORNING
single leg barbell good morning	LEG_CURL/SINGLE_LEG_BARBELL_GOOD_MORNING
single leg sliding leg curl	LEG_CURL/SINGLE_LEG_SLIDING_LEG_CURL
sliding leg curl	LEG_CURL/SLIDING_LEG_CURL
split barbell good morning	LEG_CURL/SPLIT_BARBELL_GOOD_MORNING
split stance extension	LEG_CURL/SPLIT_STANCE_EXTENSION
staggered stance good morning	LEG_CURL/STAGGERED_STANCE_GOOD_MORNING
swiss ball hip raise and leg curl	LEG_CURL/SWISS_BALL_HIP_RAISE_AND_LEG_CURL
zercher good morning	LEG_CURL/ZERCHER_GOOD_MORNING
back extension with opposite arm and leg reach	HYPEREXTENSION/BACK_EXTENSION_WITH_OPPOSITE_ARM_AND_LEG_REACH
base rotations	HYPEREXTENSION/BASE_ROTATIONS
bent knee reverse hyperextension	HYPEREXTENSION/BENT_KNEE_REVERSE_HYPEREXTENSION
hollow hold and roll	HYPEREXTENSION/HOLLOW_HOLD_AND_ROLL
hyperextension	HYPEREXTENSION/HYPEREXTENSION
kicks	HYPEREXTENSION/KICKS
knee raises	HYPEREXTENSION/KNEE_RAISES
kneeling superman	HYPEREXTENSION/KNEELING_SUPERMAN
lat pull down with row	HYPEREXTENSION/LAT_PULL_DOWN_WITH_ROW
medicine ball deadlift to reach	HYPEREXTENSION/MEDICINE_BALL_DEADLIFT_TO_REACH
one arm one leg row	HYPEREXTENSION/ONE_ARM_ONE_LEG_ROW
one arm row with band	HYPEREXTENSION/ONE_ARM_ROW_WITH_BAND
overhead lunge with medicine ball	HYPEREXTENSION/OVERHEAD_LUNGE_WITH_MEDICINE_BALL
plank knee tucks	HYPEREXTENSION/PLANK_KNEE_TUCKS
side step	HYPEREXTENSION/SIDE_STEP
single leg back extension	HYPEREXTENSION/SINGLE_LEG_BACK_EXTENSION
spine extension	HYPEREXTENSION/SPINE_EXTENSION
static back extension	HYPEREXTENSION/STATIC_BACK_EXTENSION
superman from floor	HYPEREXTENSION/SUPERMAN_FROM_FLOOR
superman on swiss ball	HYPEREXTENSION/SUPERMAN_ON_SWISS_BALL
swiss ball back extension	HYPEREXTENSION/SWISS_BALL_BACK_EXTENSION
swiss ball hyperextension	HYPEREXTENSION/SWISS_BALL_HYPEREXTENSION
swiss ball opposite arm and leg lift	HYPEREXTENSION/SWISS_BALL_OPPOSITE_ARM_AND_LEG_LIFT
cobra	HYPEREXTENSION/COBRA
supine floor barre	HYPEREXTENSION/SUPINE_FLOOR_BARRE
band side lying leg raise	HIP_STABILITY/BAND_SIDE_LYING_LEG_RAISE
dead bug	HIP_STABILITY/DEAD_BUG
external hip raise	HIP_STABILITY/EXTERNAL_HIP_RAISE
fire hydrant kicks	HIP_STABILITY/FIRE_HYDRANT_KICKS
hip circles	HIP_STABILITY/HIP_CIRCLES WARM_UP/HIP_CIRCLES
hip stability	HIP_STABILITY/HIP_STABILITY
inner thigh lift	HIP_STABILITY/INNER_THIGH_LIFT
lateral walks with band at ankles	HIP_STABILITY/LATERAL_WALKS_WITH_BAND_AT_ANKLES
lying abduction stretch	HIP_STABILITY/LYING_ABDUCTION_STRETCH
pretzel side kick	HIP_STABILITY/PRETZEL_SIDE_KICK
prone hip internal rotation	HIP_STABILITY/PRONE_HIP_INTERNAL_ROTATION
quadruped	HIP_STABILITY/QUADRUPED
quadruped hip extension	HIP_STABILITY/QUADRUPED_HIP_EXTENSION
quadruped with leg lift	HIP_STABILITY/QUADRUPED_WITH_LEG_LIFT
side lying leg raise	HIP_STABILITY/SIDE_LYING_LEG_RAISE
sliding hip adduction	HIP_STABILITY/SLIDING_HIP_ADDUCTION
standing adduction	HIP_STABILITY/STANDING_ADDUCTION
standing cable hip abduction	HIP_STABILITY/STANDING_CABLE_HIP_ABDUCTION
standing hip abduction	HIP_STABILITY/STANDING_HIP_ABDUCTION
standing rear leg raise	HIP_STABILITY/STANDING_REAR_LEG_RAISE
supine hip internal rotation	HIP_STABILITY/SUPINE_HIP_INTERNAL_ROTATION
90 degree cable external rotation	SHOULDER_STABILITY/_90_DEGREE_CABLE_EXTERNAL_ROTATION
band external rotation	SHOULDER_STABILITY/BAND_EXTERNAL_ROTATION
band internal rotation	SHOULDER_STABILITY/BAND_INTERNAL_ROTATION
bent arm lateral raise and external rotation	SHOULDER_STABILITY/BENT_ARM_LATERAL_RAISE_AND_EXTERNAL_ROTATION
cable external rotation	SHOULDER_STABILITY/CABLE_EXTERNAL_ROTATION
cable internal rotation	SHOULDER_STABILITY/CABLE_INTERNAL_ROTATION
dumbbell face pull with external rotation	SHOULDER_STABILITY/DUMBBELL_FACE_PULL_WITH_EXTERNAL_ROTATION
floor i raise	SHOULDER_STABILITY/FLOOR_I_RAISE
floor t raise	SHOULDER_STABILITY/FLOOR_T_RAISE
floor y raise	SHOULDER_STABILITY/FLOOR_Y_RAISE
incline i raise	SHOULDER_STABILITY/INCLINE_I_RAISE
incline l raise	SHOULDER_STABILITY/INCLINE_L_RAISE
incline t raise	SHOULDER_STABILITY/INCLINE_T_RAISE
incline w raise	SHOULDER_STABILITY/INCLINE_W_RAISE
incline y raise	SHOULDER_STABILITY/INCLINE_Y_RAISE
lying external rotation	SHOULDER_STABILITY/LYING_EXTERNAL_ROTATION
lying internal rotation	SHOULDER_STABILITY/LYING_INTERNAL_ROTATION
seated dumbbell external rotation	SHOULDER_STABILITY/SEATED_DUMBBELL_EXTERNAL_ROTATION
seated dumbbell internal rotation	SHOULDER_STABILITY/SEATED_DUMBBELL_INTERNAL_ROTATION
shoulder stability	SHOULDER_STABILITY/SHOULDER_STABILITY
standing l raise	SHOULDER_STABILITY/STANDING_L_RAISE
swiss ball i raise	SHOULDER_STABILITY/SWISS_BALL_I_RAISE
swiss ball t raise	SHOULDER_STABILITY/SWISS_BALL_T_RAISE
swiss ball w raise	SHOULDER_STABILITY/SWISS_BALL_W_RAISE
swiss ball y raise	SHOULDER_STABILITY/SWISS_BALL_Y_RAISE
alternating jump lunge	PLYO/ALTERNATING_JUMP_LUNGE
barbell jump squat	PLYO/BARBELL_JUMP_SQUAT
barbell split jump	PLYO/BARBELL_SPLIT_JUMP
body weight jump squat	PLYO/BODY_WEIGHT_JUMP_SQUAT
box jump	PLYO/BOX_JUMP
box jump overs	PLYO/BOX_JUMP_OVERS
box jump overs over the box	PLYO/BOX_JUMP_OVERS_OVER_THE_BOX
cross knee strike	PLYO/CROSS_KNEE_STRIKE
depth jump	PLYO/DEPTH_JUMP
dumbbell jump squat	PLYO/DUMBBELL_JUMP_SQUAT
dumbbell split jump	PLYO/DUMBBELL_SPLIT_JUMP
front knee strike	PLYO/FRONT_KNEE_STRIKE
high box jump	PLYO/HIGH_BOX_JUMP
isometric explosive body weight jump squat	PLYO/ISOMETRIC_EXPLOSIVE_BODY_WEIGHT_JUMP_SQUAT
jump squat	PLYO/JUMP_SQUAT
jump trap bar	PLYO/JUMP_TRAP_BAR
lateral leap and hop	PLYO/LATERAL_LEAP_AND_HOP
lateral plyo squats	PLYO/LATERAL_PLYO_SQUATS
lateral slide	PLYO/LATERAL_SLIDE
medicine ball overhead throws	PLYO/MEDICINE_BALL_OVERHEAD_THROWS
medicine ball side throw	PLYO/MEDICINE_BALL_SIDE_THROW
medicine ball slam	PLYO/MEDICINE_BALL_SLAM
side to side medicine ball throws	PLYO/SIDE_TO_SIDE_MEDICINE_BALL_THROWS
side to side shuffle jump	PLYO/SIDE_TO_SIDE_SHUFFLE_JUMP
squat jump onto box	PLYO/SQUAT_JUMP_ONTO_BOX
squat jumps in and out	PLYO/SQUAT_JUMPS_IN_AND_OUT
star jump squats	PLYO/STAR_JUMP_SQUATS
weighted isometric explosive jump squat	PLYO/WEIGHTED_ISOMETRIC_EXPLOSIVE_JUMP_SQUAT
barbell burpee	TOTAL_BODY/BARBELL_BURPEE
burpee	TOTAL_BODY/BURPEE
burpee box jump	TOTAL_BODY/BURPEE_BOX_JUMP
burpee box jump over	TOTAL_BODY/BURPEE_BOX_JUMP_OVER
burpee box jump step up over	TOTAL_BODY/BURPEE_BOX_JUMP_STEP_UP_OVER
high pull burpee	TOTAL_BODY/HIGH_PULL_BURPEE
lateral barbell burpee	TOTAL_BODY/LATERAL_BARBELL_BURPEE
man makers	TOTAL_BODY/MAN_MAKERS
one arm burpee	TOTAL_BODY/ONE_ARM_BURPEE
squat plank push up	TOTAL_BODY/SQUAT_PLANK_PUSH_UP
squat thrusts	TOTAL_BODY/SQUAT_THRUSTS
standing t rotation balance	TOTAL_BODY/STANDING_T_ROTATION_BALANCE
total body burpee over bar	TOTAL_BODY/TOTAL_BODY_BURPEE_OVER_BAR
burpee box jump over yes literally jumping over the box	TOTAL_BODY/BURPEE_BOX_JUMP_OVER_YES_LITERALLY_JUMPING_OVER_THE_BOX
burpee wheelchair	TOTAL_BODY/BURPEE_WHEELCHAIR
stretch 90 90	WARM_UP/STRETCH_90_90
stretch abs	WARM_UP/STRETCH_ABS
stretch butterfly	WARM_UP/STRETCH_BUTTERFLY
stretch calf	WARM_UP/STRETCH_CALF
stretch cat cow	WARM_UP/STRETCH_CAT_COW
stretch childs pose	WARM_UP/STRETCH_CHILDS_POSE
stretch cobra	WARM_UP/STRETCH_COBRA
stretch forearms	WARM_UP/STRETCH_FOREARMS
stretch forward glutes	WARM_UP/STRETCH_FORWARD_GLUTES
stretch front split	WARM_UP/STRETCH_FRONT_SPLIT
stretch hamstring	WARM_UP/STRETCH_HAMSTRING
stretch hip flexor and quad	WARM_UP/STRETCH_HIP_FLEXOR_AND_QUAD
stretch lat	WARM_UP/STRETCH_LAT
stretch levator scapulae	WARM_UP/STRETCH_LEVATOR_SCAPULAE
stretch lunge with spinal twist	WARM_UP/STRETCH_LUNGE_WITH_SPINAL_TWIST
stretch lunging hip flexor	WARM_UP/STRETCH_LUNGING_HIP_FLEXOR
stretch lying abduction	WARM_UP/STRETCH_LYING_ABDUCTION
stretch lying it band	WARM_UP/STRETCH_LYING_IT_BAND
stretch lying knee to chest	WARM_UP/STRETCH_LYING_KNEE_TO_CHEST
stretch lying piriformis	WARM_UP/STRETCH_LYING_PIRIFORMIS
stretch lying spinal twist	WARM_UP/STRETCH_LYING_SPINAL_TWIST
stretch neck	WARM_UP/STRETCH_NECK
stretch obliques	WARM_UP/STRETCH_OBLIQUES
stretch over under shoulder	WARM_UP/STRETCH_OVER_UNDER_SHOULDER
stretch pectoral	WARM_UP/STRETCH_PECTORAL
stretch pigeon pose	WARM_UP/STRETCH_PIGEON_POSE
stretch piriformis	WARM_UP/STRETCH_PIRIFORMIS
stretch quad	WARM_UP/STRETCH_QUAD
stretch scorpion	WARM_UP/STRETCH_SCORPION
stretch shoulder	WARM_UP/STRETCH_SHOULDER
stretch side	WARM_UP/STRETCH_SIDE
stretch side lunge	WARM_UP/STRETCH_SIDE_LUNGE
stretch side split	WARM_UP/STRETCH_SIDE_SPLIT
stretch standing it band	WARM_UP/STRETCH_STANDING_IT_BAND
stretch straddle	WARM_UP/STRETCH_STRADDLE
stretch triceps	WARM_UP/STRETCH_TRICEPS
stretch wall chest and shoulder	WARM_UP/STRETCH_WALL_CHEST_AND_SHOULDER
neck rotations	WARM_UP/NECK_ROTATIONS
standing hamstring stretch	WARM_UP/STANDING_HAMSTRING_STRETCH
ankle circles	WARM_UP/ANKLE_CIRCLES
ankle dorsiflexion with band	WARM_UP/ANKLE_DORSIFLEXION_WITH_BAND
ankle internal rotation	WARM_UP/ANKLE_INTERNAL_ROTATION
bent over reach to sky	WARM_UP/BENT_OVER_REACH_TO_SKY
biceps stretch	WARM_UP/BICEPS_STRETCH
cat camel	WARM_UP/CAT_CAMEL
elbow to foot lunge	WARM_UP/ELBOW_TO_FOOT_LUNGE
forward and backward leg swings	WARM_UP/FORWARD_AND_BACKWARD_LEG_SWINGS
glutes stretch	WARM_UP/GLUTES_STRETCH
groiners	WARM_UP/GROINERS
inverted hamstring stretch	WARM_UP/INVERTED_HAMSTRING_STRETCH
lateral duck under	WARM_UP/LATERAL_DUCK_UNDER
neck tilts	WARM_UP/NECK_TILTS
opposite arm and leg balance	WARM_UP/OPPOSITE_ARM_AND_LEG_BALANCE
quadruped rocking	WARM_UP/QUADRUPED_ROCKING
reach roll and lift	WARM_UP/REACH_ROLL_AND_LIFT
shoulder circles	WARM_UP/SHOULDER_CIRCLES
side to side leg swings	WARM_UP/SIDE_TO_SIDE_LEG_SWINGS
sleeper stretch	WARM_UP/SLEEPER_STRETCH
slide out	WARM_UP/SLIDE_OUT
swiss ball hip crossover	WARM_UP/SWISS_BALL_HIP_CROSSOVER
swiss ball reach roll and lift	WARM_UP/SWISS_BALL_REACH_ROLL_AND_LIFT
swiss ball windshield wipers	WARM_UP/SWISS_BALL_WINDSHIELD_WIPERS
thoracic rotation	WARM_UP/THORACIC_ROTATION
walking high kicks	WARM_UP/WALKING_HIGH_KICKS
walking high knees	WARM_UP/WALKING_HIGH_KNEES
walking knee hugs	WARM_UP/WALKING_KNEE_HUGS
walking leg cradles	WARM_UP/WALKING_LEG_CRADLES
walkout	WARM_UP/WALKOUT
walkout from push up position	WARM_UP/WALKOUT_FROM_PUSH_UP_POSITION
scorpion	WARM_UP/SCORPION
neck rotations wheelchair	WARM_UP/NECK_ROTATIONS_WHEELCHAIR
half kneeling arm rotation	WARM_UP/HALF_KNEELING_ARM_ROTATION
three way ankle mobilization	WARM_UP/THREE_WAY_ANKLE_MOBILIZATION
ninety ninety hip switch	WARM_UP/NINETY_NINETY_HIP_SWITCH
active frog	WARM_UP/ACTIVE_FROG
shoulder sweeps	WARM_UP/SHOULDER_SWEEPS
ankle lunges	WARM_UP/ANKLE_LUNGES
back roll foam roller	WARM_UP/BACK_ROLL_FOAM_ROLLER
latissimus dorsi foam roll	WARM_UP/LATISSIMUS_DORSI_FOAM_ROLL
reverse t hip opener	WARM_UP/REVERSE_T_HIP_OPENER
shoulder rolls	WARM_UP/SHOULDER_ROLLS
chest openers	WARM_UP/CHEST_OPENERS
triceps stretch	WARM_UP/TRICEPS_STRETCH
upper back stretch	WARM_UP/UPPER_BACK_STRETCH
ankle stretch	WARM_UP/ANKLE_STRETCH
marching in place	WARM_UP/MARCHING_IN_PLACE
triceps stretch wheelchair	WARM_UP/TRICEPS_STRETCH_WHEELCHAIR
upper back stretch wheelchair	WARM_UP/UPPER_BACK_STRETCH_WHEELCHAIR
bob and weave circle	CARDIO/BOB_AND_WEAVE_CIRCLE
cardio core crawl	CARDIO/CARDIO_CORE_CRAWL
double under	CARDIO/DOUBLE_UNDER
jump rope	CARDIO/JUMP_ROPE
jump rope crossover	CARDIO/JUMP_ROPE_CROSSOVER
jump rope jog	CARDIO/JUMP_ROPE_JOG
jumping jacks	CARDIO/JUMPING_JACKS BATTLE_ROPE/JUMPING_JACKS
ski moguls	CARDIO/SKI_MOGULS
split jacks	CARDIO/SPLIT_JACKS
squat jacks	CARDIO/SQUAT_JACKS
triple under	CARDIO/TRIPLE_UNDER
elliptical	CARDIO/ELLIPTICAL ELLIPTICAL/ELLIPTICAL
spinning	CARDIO/SPINNING
pole paddle forward wheelchair	CARDIO/POLE_PADDLE_FORWARD_WHEELCHAIR
pole paddle backward wheelchair	CARDIO/POLE_PADDLE_BACKWARD_WHEELCHAIR
pole handcycle forward wheelchair	CARDIO/POLE_HANDCYCLE_FORWARD_WHEELCHAIR
pole handcycle backward wheelchair	CARDIO/POLE_HANDCYCLE_BACKWARD_WHEELCHAIR
pole rainbow wheelchair	CARDIO/POLE_RAINBOW_WHEELCHAIR
double punch forward wheelchair	CARDIO/DOUBLE_PUNCH_FORWARD_WHEELCHAIR
double punch down wheelchair	CARDIO/DOUBLE_PUNCH_DOWN_WHEELCHAIR
double punch sideways wheelchair	CARDIO/DOUBLE_PUNCH_SIDEWAYS_WHEELCHAIR
double punch up wheelchair	CARDIO/DOUBLE_PUNCH_UP_WHEELCHAIR
sit ski wheelchair	CARDIO/SIT_SKI_WHEELCHAIR
sitting jacks wheelchair	CARDIO/SITTING_JACKS_WHEELCHAIR
punch forward wheelchair	CARDIO/PUNCH_FORWARD_WHEELCHAIR
punch down wheelchair	CARDIO/PUNCH_DOWN_WHEELCHAIR
punch sideways wheelchair	CARDIO/PUNCH_SIDEWAYS_WHEELCHAIR
punch up wheelchair	CARDIO/PUNCH_UP_WHEELCHAIR
punch bag wheelchair	CARDIO/PUNCH_BAG_WHEELCHAIR
pole dd ff uu wheelchair	CARDIO/POLE_DD_FF_UU_WHEELCHAIR
butterfly arms wheelchair	CARDIO/BUTTERFLY_ARMS_WHEELCHAIR
punch	CARDIO/PUNCH
ab twist	BANDED_EXERCISES/AB_TWIST
back extension	BANDED_EXERCISES/BACK_EXTENSION
calf raises	BANDED_EXERCISES/CALF_RAISES
clam shells	BANDED_EXERCISES/CLAM_SHELLS
deadbug	BANDED_EXERCISES/DEADBUG
donkey kick	BANDED_EXERCISES/DONKEY_KICK
external rotation	BANDED_EXERCISES/EXTERNAL_ROTATION
external rotation at 90 degree abduction	BANDED_EXERCISES/EXTERNAL_ROTATION_AT_90_DEGREE_ABDUCTION
fire hydrant	BANDED_EXERCISES/FIRE_HYDRANT
fly	BANDED_EXERCISES/FLY
glute bridge	BANDED_EXERCISES/GLUTE_BRIDGE SUSPENSION/GLUTE_BRIDGE
hamstring curls	BANDED_EXERCISES/HAMSTRING_CURLS
high plank leg lifts	BANDED_EXERCISES/HIGH_PLANK_LEG_LIFTS
hip extension	BANDED_EXERCISES/HIP_EXTENSION
internal rotation	BANDED_EXERCISES/INTERNAL_ROTATION
jumping jack	BANDED_EXERCISES/JUMPING_JACK
kneeling crunch	BANDED_EXERCISES/KNEELING_CRUNCH
lateral band walks	BANDED_EXERCISES/LATERAL_BAND_WALKS
lateral raise	BANDED_EXERCISES/LATERAL_RAISE LATERAL_RAISE
latpull	BANDED_EXERCISES/LATPULL
leg abduction	BANDED_EXERCISES/LEG_ABDUCTION
leg adduction	BANDED_EXERCISES/LEG_ADDUCTION
pull apart	BANDED_EXERCISES/PULL_APART
push ups	BANDED_EXERCISES/PUSH_UPS
shoulder abduction	BANDED_EXERCISES/SHOULDER_ABDUCTION
shoulder extension	BANDED_EXERCISES/SHOULDER_EXTENSION
shoulder external rotation	BANDED_EXERCISES/SHOULDER_EXTERNAL_ROTATION
shoulder flexion to 90 degrees	BANDED_EXERCISES/SHOULDER_FLEXION_TO_90_DEGREES
side plank leg lifts	BANDED_EXERCISES/SIDE_PLANK_LEG_LIFTS
squat to press	BANDED_EXERCISES/SQUAT_TO_PRESS
tricep extension	BANDED_EXERCISES/TRICEP_EXTENSION
tricep kickback	BANDED_EXERCISES/TRICEP_KICKBACK
wall crawl with external rotation	BANDED_EXERCISES/WALL_CRAWL_WITH_EXTERNAL_ROTATION
chest press	BANDED_EXERCISES/CHEST_PRESS SLED/CHEST_PRESS SUSPENSION/CHEST_PRESS
side raise	BANDED_EXERCISES/SIDE_RAISE
lateral raise wheelchair	BANDED_EXERCISES/LATERAL_RAISE_WHEELCHAIR
triceps extension wheelchair	BANDED_EXERCISES/TRICEPS_EXTENSION_WHEELCHAIR
chest fly incline wheelchair	BANDED_EXERCISES/CHEST_FLY_INCLINE_WHEELCHAIR
chest fly decline wheelchair	BANDED_EXERCISES/CHEST_FLY_DECLINE_WHEELCHAIR
pull down wheelchair	BANDED_EXERCISES/PULL_DOWN_WHEELCHAIR
straight arm pull down wheelchair	BANDED_EXERCISES/STRAIGHT_ARM_PULL_DOWN_WHEELCHAIR
curl wheelchair	BANDED_EXERCISES/CURL_WHEELCHAIR
overhead curl wheelchair	BANDED_EXERCISES/OVERHEAD_CURL_WHEELCHAIR
face pull wheelchair	BANDED_EXERCISES/FACE_PULL_WHEELCHAIR
around the world wheelchair	BANDED_EXERCISES/AROUND_THE_WORLD_WHEELCHAIR
pull apart wheelchair	BANDED_EXERCISES/PULL_APART_WHEELCHAIR
side curl wheelchair	BANDED_EXERCISES/SIDE_CURL_WHEELCHAIR
overhead press wheelchair	BANDED_EXERCISES/OVERHEAD_PRESS_WHEELCHAIR
alternating figure eight	BATTLE_ROPE/ALTERNATING_FIGURE_EIGHT
alternating jump wave	BATTLE_ROPE/ALTERNATING_JUMP_WAVE
alternating kneeling to standing wave	BATTLE_ROPE/ALTERNATING_KNEELING_TO_STANDING_WAVE
alternating lunge wave	BATTLE_ROPE/ALTERNATING_LUNGE_WAVE
alternating squat wave	BATTLE_ROPE/ALTERNATING_SQUAT_WAVE
alternating wave	BATTLE_ROPE/ALTERNATING_WAVE
alternating wave with lateral shuffle	BATTLE_ROPE/ALTERNATING_WAVE_WITH_LATERAL_SHUFFLE
battle rope	BATTLE_ROPE/BATTLE_ROPE
clap wave	BATTLE_ROPE/CLAP_WAVE
double arm figure eight	BATTLE_ROPE/DOUBLE_ARM_FIGURE_EIGHT
double arm side to side snake	BATTLE_ROPE/DOUBLE_ARM_SIDE_TO_SIDE_SNAKE
double arm side wave	BATTLE_ROPE/DOUBLE_ARM_SIDE_WAVE
double arm slam	BATTLE_ROPE/DOUBLE_ARM_SLAM
double arm wave	BATTLE_ROPE/DOUBLE_ARM_WAVE
grappler toss	BATTLE_ROPE/GRAPPLER_TOSS
hip toss	BATTLE_ROPE/HIP_TOSS
in and out wave	BATTLE_ROPE/IN_AND_OUT_WAVE
inside circle	BATTLE_ROPE/INSIDE_CIRCLE
outside circle	BATTLE_ROPE/OUTSIDE_CIRCLE
rainbow	BATTLE_ROPE/RAINBOW
side plank wave	BATTLE_ROPE/SIDE_PLANK_WAVE
sidewinder	BATTLE_ROPE/SIDEWINDER
sitting russian twist	BATTLE_ROPE/SITTING_RUSSIAN_TWIST
snake wave	BATTLE_ROPE/SNAKE_WAVE
split jack	BATTLE_ROPE/SPLIT_JACK
stage coach	BATTLE_ROPE/STAGE_COACH
ultimate warrior	BATTLE_ROPE/ULTIMATE_WARRIOR
upper cuts	BATTLE_ROPE/UPPER_CUTS
bike	BIKE_OUTDOOR/BIKE BIKE/BIKE
floor climb	FLOOR_CLIMB/FLOOR_CLIMB
air bike	INDOOR_BIKE/AIR_BIKE
assault bike	INDOOR_BIKE/ASSAULT_BIKE
stationary bike	INDOOR_BIKE/STATIONARY_BIKE
agility	LADDER/AGILITY
speed	LADDER/SPEED
jog	RUN/JOG
run	RUN/RUN
run or walk	RUN/RUN_OR_WALK
sprint	RUN/SPRINT BIKE/SPRINT SANDBAG/SPRINT
walk	RUN/WALK
speed walk	RUN/SPEED_WALK
warm up	RUN/WARM_UP WARM_UP
indoor track run	RUN_INDOOR/INDOOR_TRACK_RUN
treadmill	RUN_INDOOR/TREADMILL
around the world	SANDBAG/AROUND_THE_WORLD
back squat	SANDBAG/BACK_SQUAT
bear crawl pull through	SANDBAG/BEAR_CRAWL_PULL_THROUGH
bear hug squat	SANDBAG/BEAR_HUG_SQUAT
front carry	SANDBAG/FRONT_CARRY
front squat	SANDBAG/FRONT_SQUAT
overhead press	SANDBAG/OVERHEAD_PRESS
plank pull through	SANDBAG/PLANK_PULL_THROUGH
rotational lunge	SANDBAG/ROTATIONAL_LUNGE
shouldering	SANDBAG/SHOULDERING
shoveling	SANDBAG/SHOVELING
backward drag	SLED/BACKWARD_DRAG
forward drag	SLED/FORWARD_DRAG
low push	SLED/LOW_PUSH
push	SLED/PUSH
lateral swing	SLEDGE_HAMMER/LATERAL_SWING
hammer slam	SLEDGE_HAMMER/HAMMER_SLAM
sledge hammer	SLEDGE_HAMMER/SLEDGE_HAMMER
stair stepper	STAIR_STEPPER/STAIR_STEPPER
chest fly	SUSPENSION/CHEST_FLY
hamstring curl	SUSPENSION/HAMSTRING_CURL MOVE/HAMSTRING_CURL
hip drop	SUSPENSION/HIP_DROP
knee drive jump	SUSPENSION/KNEE_DRIVE_JUMP
knee to chest	SUSPENSION/KNEE_TO_CHEST
lat pullover	SUSPENSION/LAT_PULLOVER
pendulum	SUSPENSION/PENDULUM
pike	SUSPENSION/PIKE
power pull	SUSPENSION/POWER_PULL
reverse mountain climber	SUSPENSION/REVERSE_MOUNTAIN_CLIMBER
reverse plank	SUSPENSION/REVERSE_PLANK
rollout	SUSPENSION/ROLLOUT
single leg deadlift	SUSPENSION/SINGLE_LEG_DEADLIFT
single leg squat	SUSPENSION/SINGLE_LEG_SQUAT
squat jump	SUSPENSION/SQUAT_JUMP
tricep press	SUSPENSION/TRICEP_PRESS
y fly	SUSPENSION/Y_FLY
split	SUSPENSION/SPLIT
flip	TIRE/FLIP
tire	TIRE/TIRE
arch and curl	MOVE/ARCH_AND_CURL
arm circles with ball band and weight	MOVE/ARM_CIRCLES_WITH_BALL_BAND_AND_WEIGHT
arm stretch	MOVE/ARM_STRETCH
back massage	MOVE/BACK_MASSAGE
belly breathing	MOVE/BELLY_BREATHING
bridge with ball	MOVE/BRIDGE_WITH_BALL
diamond leg crunch	MOVE/DIAMOND_LEG_CRUNCH
diamond leg lift	MOVE/DIAMOND_LEG_LIFT
eight point shoulder opener	MOVE/EIGHT_POINT_SHOULDER_OPENER
foot rolling	MOVE/FOOT_ROLLING
footwork	MOVE/FOOTWORK
footwork on disc	MOVE/FOOTWORK_ON_DISC
forward fold	MOVE/FORWARD_FOLD
frog with band	MOVE/FROG_WITH_BAND
half roll up	MOVE/HALF_ROLL_UP
hamstring stretch	MOVE/HAMSTRING_STRETCH
hip stretch	MOVE/HIP_STRETCH
hug a tree with ball band and weight	MOVE/HUG_A_TREE_WITH_BALL_BAND_AND_WEIGHT
knee circles	MOVE/KNEE_CIRCLES
knee folds on disc	MOVE/KNEE_FOLDS_ON_DISC
lateral flexion	MOVE/LATERAL_FLEXION
leg stretch with band	MOVE/LEG_STRETCH_WITH_BAND
leg stretch with leg circles	MOVE/LEG_STRETCH_WITH_LEG_CIRCLES
lower lift on disc	MOVE/LOWER_LIFT_ON_DISC
lunge squat	MOVE/LUNGE_SQUAT
lunges with knee lift	MOVE/LUNGES_WITH_KNEE_LIFT
mermaid stretch	MOVE/MERMAID_STRETCH
neutral pelvic position	MOVE/NEUTRAL_PELVIC_POSITION
pelvic clocks on disc	MOVE/PELVIC_CLOCKS_ON_DISC
pilates plie squats parallel turned out flat and heels with chair	MOVE/PILATES_PLIE_SQUATS_PARALLEL_TURNED_OUT_FLAT_AND_HEELS_WITH_CHAIR
piriformis stretch	MOVE/PIRIFORMIS_STRETCH
plank knee crosses	MOVE/PLANK_KNEE_CROSSES
plank knee pulls	MOVE/PLANK_KNEE_PULLS
plank up downs	MOVE/PLANK_UP_DOWNS
prayer mudra	MOVE/PRAYER_MUDRA
psoas lunge stretch	MOVE/PSOAS_LUNGE_STRETCH
ribcage breathing	MOVE/RIBCAGE_BREATHING
roll down	MOVE/ROLL_DOWN
roll up with weight and band	MOVE/ROLL_UP_WITH_WEIGHT_AND_BAND
saw	MOVE/SAW
scapular stabilization	MOVE/SCAPULAR_STABILIZATION
scissors on disc	MOVE/SCISSORS_ON_DISC
seated hip stretchup	MOVE/SEATED_HIP_STRETCHUP
seated twist	MOVE/SEATED_TWIST
shaving the head with ball band and weight	MOVE/SHAVING_THE_HEAD_WITH_BALL_BAND_AND_WEIGHT
spinal twist	MOVE/SPINAL_TWIST
spinal twist stretch	MOVE/SPINAL_TWIST_STRETCH
spine stretch forward	MOVE/SPINE_STRETCH_FORWARD
squat open arm twist pose	MOVE/SQUAT_OPEN_ARM_TWIST_POSE
squats with ball	MOVE/SQUATS_WITH_BALL
stand and hang	MOVE/STAND_AND_HANG
standing side stretch	MOVE/STANDING_SIDE_STRETCH
standing single leg forward bend with it band opener	MOVE/STANDING_SINGLE_LEG_FORWARD_BEND_WITH_IT_BAND_OPENER
straight leg crunch with leg lift	MOVE/STRAIGHT_LEG_CRUNCH_WITH_LEG_LIFT
straight leg crunch with leg lift with ball	MOVE/STRAIGHT_LEG_CRUNCH_WITH_LEG_LIFT_WITH_BALL
straight leg crunch with legs crossed	MOVE/STRAIGHT_LEG_CRUNCH_WITH_LEGS_CROSSED
straight leg crunch with legs crossed with ball	MOVE/STRAIGHT_LEG_CRUNCH_WITH_LEGS_CROSSED_WITH_BALL
straight leg diagonal crunch	MOVE/STRAIGHT_LEG_DIAGONAL_CRUNCH
straight leg diagonal crunch with ball	MOVE/STRAIGHT_LEG_DIAGONAL_CRUNCH_WITH_BALL
tailbone curl	MOVE/TAILBONE_CURL
throat lock	MOVE/THROAT_LOCK
tick tock side roll	MOVE/TICK_TOCK_SIDE_ROLL
twist	MOVE/TWIST
v leg crunches	MOVE/V_LEG_CRUNCHES
v sit	MOVE/V_SIT
forward fold wheelchair	MOVE/FORWARD_FOLD_WHEELCHAIR
forward fold plus wheelchair	MOVE/FORWARD_FOLD_PLUS_WHEELCHAIR
arm circles low forward wheelchair	MOVE/ARM_CIRCLES_LOW_FORWARD_WHEELCHAIR
arm circles mid forward wheelchair	MOVE/ARM_CIRCLES_MID_FORWARD_WHEELCHAIR
arm circles high forward wheelchair	MOVE/ARM_CIRCLES_HIGH_FORWARD_WHEELCHAIR
arm circles low backward wheelchair	MOVE/ARM_CIRCLES_LOW_BACKWARD_WHEELCHAIR
arm circles mid backward wheelchair	MOVE/ARM_CIRCLES_MID_BACKWARD_WHEELCHAIR
arm circles high backward wheelchair	MOVE/ARM_CIRCLES_HIGH_BACKWARD_WHEELCHAIR
core twists wheelchair	MOVE/CORE_TWISTS_WHEELCHAIR
arm raise wheelchair	MOVE/ARM_RAISE_WHEELCHAIR
chest expand wheelchair	MOVE/CHEST_EXPAND_WHEELCHAIR
arm extend wheelchair	MOVE/ARM_EXTEND_WHEELCHAIR
forward bend wheelchair	MOVE/FORWARD_BEND_WHEELCHAIR
toe touch wheelchair	MOVE/TOE_TOUCH_WHEELCHAIR
extended toe touch wheelchair	MOVE/EXTENDED_TOE_TOUCH_WHEELCHAIR
seated arm circles	MOVE/SEATED_ARM_CIRCLES
trunk rotations	MOVE/TRUNK_ROTATIONS
seated trunk rotations	MOVE/SEATED_TRUNK_ROTATIONS
toe touch	MOVE/TOE_TOUCH
all fours	POSE/ALL_FOURS
ankle to knee	POSE/ANKLE_TO_KNEE
baby cobra	POSE/BABY_COBRA
boat	POSE/BOAT
bound angle	POSE/BOUND_ANGLE
bound seated single leg forward bend	POSE/BOUND_SEATED_SINGLE_LEG_FORWARD_BEND
bow	POSE/BOW
bowed half moon	POSE/BOWED_HALF_MOON
bridge	POSE/BRIDGE
cat	POSE/CAT
chair	POSE/CHAIR
childs	POSE/CHILDS
corpse	POSE/CORPSE
cow face	POSE/COW_FACE
cow	POSE/COW
devotional warrior	POSE/DEVOTIONAL_WARRIOR
dolphin plank	POSE/DOLPHIN_PLANK
dolphin	POSE/DOLPHIN
down dog knee to nose	POSE/DOWN_DOG_KNEE_TO_NOSE
down dog split	POSE/DOWN_DOG_SPLIT
down dog split open hip bent knee	POSE/DOWN_DOG_SPLIT_OPEN_HIP_BENT_KNEE
downward facing dog	POSE/DOWNWARD_FACING_DOG
eagle	POSE/EAGLE
easy seated	POSE/EASY_SEATED
extended puppy	POSE/EXTENDED_PUPPY
extended side angle	POSE/EXTENDED_SIDE_ANGLE
fish	POSE/FISH
four limbed staff	POSE/FOUR_LIMBED_STAFF
full split	POSE/FULL_SPLIT
gate	POSE/GATE
half chair half ankle to knee	POSE/HALF_CHAIR_HALF_ANKLE_TO_KNEE
half moon	POSE/HALF_MOON
head to knee	POSE/HEAD_TO_KNEE
heron	POSE/HERON
heros	POSE/HEROS
high lunge	POSE/HIGH_LUNGE
knees chest chin	POSE/KNEES_CHEST_CHIN
lizard	POSE/LIZARD
locust	POSE/LOCUST
low lunge	POSE/LOW_LUNGE
low lunge twist	POSE/LOW_LUNGE_TWIST
low lunge with knee down	POSE/LOW_LUNGE_WITH_KNEE_DOWN
mermaid	POSE/MERMAID
mountain	POSE/MOUNTAIN
one legged downward facing pose open hip bent knee	POSE/ONE_LEGGED_DOWNWARD_FACING_POSE_OPEN_HIP_BENT_KNEE
one legged pigeon	POSE/ONE_LEGGED_PIGEON
peaceful warrior	POSE/PEACEFUL_WARRIOR
plow	POSE/PLOW
reclined hand to foot	POSE/RECLINED_HAND_TO_FOOT
revolved half moon	POSE/REVOLVED_HALF_MOON
revolved head to knee	POSE/REVOLVED_HEAD_TO_KNEE
revolved triangle	POSE/REVOLVED_TRIANGLE
runners lunge	POSE/RUNNERS_LUNGE
seated easy side bend	POSE/SEATED_EASY_SIDE_BEND
seated easy twist	POSE/SEATED_EASY_TWIST
seated long leg forward bend	POSE/SEATED_LONG_LEG_FORWARD_BEND
seated wide leg forward bend	POSE/SEATED_WIDE_LEG_FORWARD_BEND
shoulder stand	POSE/SHOULDER_STAND
side boat	POSE/SIDE_BOAT
sphinx	POSE/SPHINX
squat open arm twist	POSE/SQUAT_OPEN_ARM_TWIST
squat palm press	POSE/SQUAT_PALM_PRESS
staff	POSE/STAFF
standing arms up	POSE/STANDING_ARMS_UP
standing forward bend halfway up	POSE/STANDING_FORWARD_BEND_HALFWAY_UP
standing forward bend	POSE/STANDING_FORWARD_BEND
standing side opener	POSE/STANDING_SIDE_OPENER
standing single leg forward bend	POSE/STANDING_SINGLE_LEG_FORWARD_BEND
standing split	POSE/STANDING_SPLIT
standing wide leg forward bend	POSE/STANDING_WIDE_LEG_FORWARD_BEND
standing wide leg forward bend with twist	POSE/STANDING_WIDE_LEG_FORWARD_BEND_WITH_TWIST
supine spinal twist	POSE/SUPINE_SPINAL_TWIST
table top	POSE/TABLE_TOP
thread the needle	POSE/THREAD_THE_NEEDLE
thunderbolt	POSE/THUNDERBOLT
thunderbolt pose both sides arm stretch	POSE/THUNDERBOLT_POSE_BOTH_SIDES_ARM_STRETCH
tree	POSE/TREE
triangle	POSE/TRIANGLE
up dog	POSE/UP_DOG
upward facing plank	POSE/UPWARD_FACING_PLANK
warrior one	POSE/WARRIOR_ONE
warrior three	POSE/WARRIOR_THREE
warrior two	POSE/WARRIOR_TWO
wheel	POSE/WHEEL
wide side lunge	POSE/WIDE_SIDE_LUNGE
deep breathing wheelchair	POSE/DEEP_BREATHING_WHEELCHAIR
deep breathing low wheelchair	POSE/DEEP_BREATHING_LOW_WHEELCHAIR
deep breathing mid wheelchair	POSE/DEEP_BREATHING_MID_WHEELCHAIR
deep breathing high wheelchair	POSE/DEEP_BREATHING_HIGH_WHEELCHAIR
prayer wheelchair	POSE/PRAYER_WHEELCHAIR
overhead prayer wheelchair	POSE/OVERHEAD_PRAYER_WHEELCHAIR
cactus wheelchair	POSE/CACTUS_WHEELCHAIR
breathing punches wheelchair	POSE/BREATHING_PUNCHES_WHEELCHAIR
breathing punches extended wheelchair	POSE/BREATHING_PUNCHES_EXTENDED_WHEELCHAIR
breathing punches overhead wheelchair	POSE/BREATHING_PUNCHES_OVERHEAD_WHEELCHAIR
breathing punches overhead and down wheelchair	POSE/BREATHING_PUNCHES_OVERHEAD_AND_DOWN_WHEELCHAIR
breathing punches side wheelchair	POSE/BREATHING_PUNCHES_SIDE_WHEELCHAIR
breathing punches extended side wheelchair	POSE/BREATHING_PUNCHES_EXTENDED_SIDE_WHEELCHAIR
breathing punches overhead side wheelchair	POSE/BREATHING_PUNCHES_OVERHEAD_SIDE_WHEELCHAIR
breathing punches overhead and down side wheelchair	POSE/BREATHING_PUNCHES_OVERHEAD_AND_DOWN_SIDE_WHEELCHAIR
left hand back wheelchair	POSE/LEFT_HAND_BACK_WHEELCHAIR
triangle wheelchair	POSE/TRIANGLE_WHEELCHAIR
thread the needle wheelchair	POSE/THREAD_THE_NEEDLE_WHEELCHAIR
neck flexion and extension wheelchair	POSE/NECK_FLEXION_AND_EXTENSION_WHEELCHAIR
neck lateral flexion wheelchair	POSE/NECK_LATERAL_FLEXION_WHEELCHAIR
spine flexion and extension wheelchair	POSE/SPINE_FLEXION_AND_EXTENSION_WHEELCHAIR
spine rotation wheelchair	POSE/SPINE_ROTATION_WHEELCHAIR
spine lateral flexion wheelchair	POSE/SPINE_LATERAL_FLEXION_WHEELCHAIR
alternative skiing wheelchair	POSE/ALTERNATIVE_SKIING_WHEELCHAIR
reach forward wheelchair	POSE/REACH_FORWARD_WHEELCHAIR
warrior wheelchair	POSE/WARRIOR_WHEELCHAIR
reverse warrior wheelchair	POSE/REVERSE_WARRIOR_WHEELCHAIR
downward facing dog to cobra	POSE/DOWNWARD_FACING_DOG_TO_COBRA
seated cat cow	POSE/SEATED_CAT_COW
ride	BIKE/RIDE
rowing machine	INDOOR_ROW/ROWING_MACHINE
shoulder press	SHOULDER_PRESS
olympic lift	OLYMPIC_LIFT
triceps extension	TRICEPS_EXTENSION
flye	FLYE
plyo	PLYO
total body	TOTAL_BODY
cardio	CARDIO
banded exercises	BANDED_EXERCISES
bike outdoor	BIKE_OUTDOOR
indoor bike	INDOOR_BIKE
ladder	LADDER
run indoor	RUN_INDOOR
sandbag	SANDBAG
sled	SLED
suspension	SUSPENSION
move	MOVE
pose	POSE
machine chest press	BENCH_PRESS/MACHINE_CHEST_PRESS
machine shoulder press	SHOULDER_PRESS/MACHINE_SHOULDER_PRESS
machine row	ROW/MACHINE_ROW
pec deck	FLYE/PEC_DECK
hip abduction machine	HIP_STABILITY/HIP_ABDUCTION_MACHINE
hip adduction machine	HIP_STABILITY/HIP_ADDUCTION_MACHINE
